customer_id,signup_date,channel
1,2023-04-13,Facebook Ads
2,2024-03-11,Facebook Ads
3,2023-09-28,Organic
4,2023-04-17,Referral
5,2023-03-13,Facebook Ads
6,2024-12-01,Organic
7,2023-01-21,Organic
8,2024-09-06,Facebook Ads
9,2023-05-02,Referral
10,2024-04-11,Google Ads
11,2023-08-03,Google Ads
12,2023-11-27,Organic
13,2024-04-03,Facebook Ads
14,2023-03-29,Organic
15,2024-01-08,Organic
16,2023-04-10,Google Ads
17,2024-10-25,Organic
18,2023-05-11,Facebook Ads
19,2024-10-23,Facebook Ads
20,2023-11-05,Facebook Ads
21,2023-12-10,Referral
22,2024-05-06,Google Ads
23,2024-02-18,Facebook Ads
24,2024-01-21,Organic
25,2023-07-11,Organic
26,2023-10-04,Organic
27,2023-06-10,Google Ads
28,2024-04-04,Google Ads
29,2023-11-10,Facebook Ads
30,2023-01-22,Organic
31,2023-09-10,Google Ads
32,2024-07-14,Google Ads
33,2024-04-19,Referral
34,2023-02-28,Google Ads
35,2024-05-25,Referral
36,2024-11-12,Organic
37,2024-04-20,Organic
38,2024-11-30,Google Ads
39,2023-07-09,Google Ads
40,2024-11-17,Organic
41,2024-07-16,Organic
42,2024-07-20,Organic
43,2023-09-01,Google Ads
44,2024-05-19,Organic
45,2023-05-11,Organic
46,2024-04-29,Organic
47,2024-10-08,Organic
48,2023-01-21,Organic
49,2023-06-16,Facebook Ads
50,2023-10-01,Google Ads
51,2024-01-23,Facebook Ads
52,2024-08-23,Google Ads
53,2023-11-12,Facebook Ads
54,2023-01-14,Facebook Ads
55,2023-08-30,Google Ads
56,2023-12-12,Google Ads
57,2024-07-18,Google Ads
58,2023-12-06,Organic
59,2023-04-02,Referral
60,2024-01-02,Google Ads
61,2024-03-30,Referral
62,2024-03-03,Facebook Ads
63,2024-05-23,Google Ads
64,2023-02-04,Google Ads
65,2023-07-25,Facebook Ads
66,2023-03-22,Organic
67,2024-07-15,Organic
68,2024-01-23,Google Ads
69,2023-01-02,Google Ads
70,2024-01-25,Facebook Ads
71,2024-07-19,Google Ads
72,2023-04-16,Google Ads
73,2024-04-21,Google Ads
74,2024-12-03,Organic
75,2024-02-06,Referral
76,2024-12-30,Facebook Ads
77,2024-07-09,Referral
78,2023-06-11,Google Ads
79,2023-07-21,Facebook Ads
80,2023-09-27,Google Ads
81,2023-09-28,Facebook Ads
82,2024-03-31,Referral
83,2024-04-06,Facebook Ads
84,2024-12-27,Facebook Ads
85,2023-09-09,Facebook Ads
86,2024-12-02,Google Ads
87,2023-10-23,Organic
88,2024-12-25,Facebook Ads
89,2024-12-20,Facebook Ads
90,2023-12-04,Facebook Ads
91,2023-02-22,Facebook Ads
92,2023-08-05,Google Ads
93,2023-07-07,Organic
94,2024-01-15,Google Ads
95,2024-05-07,Organic
96,2023-02-10,Organic
97,2023-06-06,Organic
98,2023-01-15,Facebook Ads
99,2023-03-06,Facebook Ads
100,2024-06-04,Google Ads
101,2023-12-10,Organic
102,2023-05-09,Google Ads
103,2024-10-09,Facebook Ads
104,2024-04-16,Google Ads
105,2023-03-04,Google Ads
106,2023-05-19,Facebook Ads
107,2024-05-13,Google Ads
108,2024-08-15,Organic
109,2024-01-27,Google Ads
110,2024-11-05,Google Ads
111,2024-02-23,Facebook Ads
112,2023-10-16,Google Ads
113,2024-01-14,Google Ads
114,2024-05-04,Organic
115,2023-08-19,Google Ads
116,2023-02-10,Organic
117,2023-01-28,Google Ads
118,2023-05-15,Google Ads
119,2023-07-20,Organic
120,2023-02-02,Google Ads
121,2023-02-17,Google Ads
122,2024-05-17,Facebook Ads
123,2024-02-11,Google Ads
124,2024-07-27,Organic
125,2024-12-28,Google Ads
126,2023-04-09,Organic
127,2024-11-14,Organic
128,2024-12-26,Facebook Ads
129,2024-06-30,Referral
130,2024-09-04,Facebook Ads
131,2024-04-06,Referral
132,2024-10-04,Google Ads
133,2023-01-05,Organic
134,2023-08-06,Facebook Ads
135,2024-05-17,Facebook Ads
136,2024-02-02,Facebook Ads
137,2024-01-28,Organic
138,2023-07-26,Google Ads
139,2023-01-15,Google Ads
140,2024-07-07,Organic
141,2024-04-05,Organic
142,2024-11-21,Referral
143,2024-07-28,Organic
144,2023-08-29,Referral
145,2024-07-17,Organic
146,2023-04-06,Google Ads
147,2024-04-29,Google Ads
148,2024-02-11,Organic
149,2023-08-19,Facebook Ads
150,2024-10-16,Google Ads
151,2023-06-20,Facebook Ads
152,2024-06-24,Referral
153,2023-02-05,Facebook Ads
154,2024-06-08,Facebook Ads
155,2023-06-09,Facebook Ads
156,2024-11-29,Google Ads
157,2023-08-31,Facebook Ads
158,2023-03-27,Facebook Ads
159,2024-07-31,Google Ads
160,2024-11-12,Organic
161,2024-07-10,Facebook Ads
162,2024-07-27,Organic
163,2024-10-07,Organic
164,2023-01-28,Google Ads
165,2024-09-11,Organic
166,2024-07-09,Facebook Ads
167,2023-12-06,Organic
168,2023-11-27,Google Ads
169,2024-10-01,Organic
170,2024-05-20,Facebook Ads
171,2023-12-14,Google Ads
172,2024-04-17,Google Ads
173,2023-08-19,Organic
174,2023-07-09,Organic
175,2023-08-13,Google Ads
176,2024-01-20,Facebook Ads
177,2024-01-12,Facebook Ads
178,2023-10-10,Organic
179,2024-09-24,Google Ads
180,2024-09-19,Organic
181,2023-09-16,Google Ads
182,2023-12-25,Facebook Ads
183,2024-12-10,Google Ads
184,2024-03-31,Google Ads
185,2024-02-15,Facebook Ads
186,2024-10-10,Google Ads
187,2023-11-14,Organic
188,2024-11-07,Google Ads
189,2023-08-13,Facebook Ads
190,2023-08-22,Google Ads
191,2024-11-14,Google Ads
192,2024-10-25,Google Ads
193,2024-01-09,Facebook Ads
194,2024-11-02,Facebook Ads
195,2024-08-30,Facebook Ads
196,2024-04-16,Facebook Ads
197,2023-08-21,Facebook Ads
198,2024-11-22,Google Ads
199,2023-04-23,Facebook Ads
200,2024-05-11,Referral
201,2024-03-17,Facebook Ads
202,2024-07-17,Organic
203,2023-09-25,Google Ads
204,2024-05-24,Organic
205,2024-01-21,Organic
206,2024-01-22,Facebook Ads
207,2023-04-23,Referral
208,2024-09-04,Google Ads
209,2024-09-16,Google Ads
210,2023-03-22,Organic
211,2024-11-29,Organic
212,2023-04-23,Google Ads
213,2023-01-02,Google Ads
214,2024-10-03,Google Ads
215,2023-08-08,Google Ads
216,2024-07-19,Organic
217,2023-08-13,Facebook Ads
218,2024-01-20,Google Ads
219,2024-02-07,Facebook Ads
220,2024-09-29,Google Ads
221,2023-05-10,Google Ads
222,2023-02-22,Facebook Ads
223,2024-11-14,Referral
224,2024-12-30,Organic
225,2024-11-02,Google Ads
226,2024-12-10,Organic
227,2024-02-20,Organic
228,2023-09-04,Organic
229,2024-03-14,Facebook Ads
230,2023-07-22,Facebook Ads
231,2023-07-03,Google Ads
232,2023-05-03,Google Ads
233,2024-02-05,Google Ads
234,2023-10-21,Google Ads
235,2023-10-07,Facebook Ads
236,2024-09-01,Organic
237,2023-07-17,Facebook Ads
238,2024-05-25,Google Ads
239,2023-05-24,Referral
240,2024-08-31,Referral
241,2023-07-20,Organic
242,2023-05-04,Referral
243,2023-07-06,Facebook Ads
244,2023-11-22,Referral
245,2024-04-08,Google Ads
246,2023-12-15,Facebook Ads
247,2024-10-21,Google Ads
248,2024-02-07,Google Ads
249,2023-12-12,Google Ads
250,2024-05-25,Facebook Ads
251,2023-05-27,Organic
252,2023-05-28,Facebook Ads
253,2024-12-11,Google Ads
254,2024-05-03,Organic
255,2024-10-01,Facebook Ads
256,2024-07-04,Facebook Ads
257,2023-12-04,Organic
258,2024-10-02,Google Ads
259,2024-04-17,Google Ads
260,2023-05-31,Referral
261,2024-02-19,Google Ads
262,2023-10-25,Facebook Ads
263,2024-09-02,Organic
264,2023-09-20,Organic
265,2023-05-24,Google Ads
266,2023-12-12,Google Ads
267,2024-09-15,Google Ads
268,2024-07-25,Facebook Ads
269,2023-01-02,Facebook Ads
270,2023-10-31,Google Ads
271,2023-09-11,Referral
272,2024-10-13,Facebook Ads
273,2024-03-28,Google Ads
274,2023-02-06,Facebook Ads
275,2023-06-09,Organic
276,2023-01-09,Google Ads
277,2023-08-21,Google Ads
278,2023-04-09,Organic
279,2024-10-20,Facebook Ads
280,2023-07-27,Facebook Ads
281,2023-05-11,Facebook Ads
282,2024-02-08,Google Ads
283,2023-06-01,Google Ads
284,2023-02-23,Facebook Ads
285,2023-04-30,Google Ads
286,2024-11-03,Google Ads
287,2024-09-19,Organic
288,2024-08-09,Referral
289,2024-09-16,Organic
290,2024-02-24,Organic
291,2024-02-26,Google Ads
292,2023-04-14,Referral
293,2023-09-11,Google Ads
294,2023-08-15,Referral
295,2023-04-22,Referral
296,2024-05-24,Organic
297,2024-04-17,Referral
298,2023-04-09,Facebook Ads
299,2023-06-02,Google Ads
300,2023-12-04,Facebook Ads
301,2024-12-06,Facebook Ads
302,2023-06-12,Google Ads
303,2024-12-20,Facebook Ads
304,2024-11-11,Referral
305,2023-06-10,Google Ads
306,2024-08-02,Organic
307,2024-02-02,Referral
308,2023-10-04,Referral
309,2024-05-18,Referral
310,2024-01-27,Facebook Ads
311,2023-05-15,Referral
312,2023-07-14,Organic
313,2024-02-05,Google Ads
314,2024-10-01,Facebook Ads
315,2023-02-02,Organic
316,2024-11-18,Google Ads
317,2024-04-04,Facebook Ads
318,2024-04-14,Organic
319,2024-01-10,Google Ads
320,2023-01-22,Facebook Ads
321,2024-10-31,Organic
322,2023-02-07,Facebook Ads
323,2023-08-18,Google Ads
324,2023-12-31,Google Ads
325,2024-07-16,Facebook Ads
326,2024-03-13,Referral
327,2023-10-10,Google Ads
328,2023-01-27,Facebook Ads
329,2023-08-14,Google Ads
330,2023-10-04,Google Ads
331,2024-08-31,Organic
332,2023-10-11,Organic
333,2024-04-25,Google Ads
334,2024-03-28,Facebook Ads
335,2024-10-20,Google Ads
336,2024-05-30,Facebook Ads
337,2024-06-30,Organic
338,2023-07-11,Google Ads
339,2023-02-18,Google Ads
340,2024-05-26,Facebook Ads
341,2023-01-17,Referral
342,2023-06-21,Referral
343,2023-08-08,Google Ads
344,2023-06-07,Organic
345,2024-04-21,Facebook Ads
346,2023-02-15,Facebook Ads
347,2024-01-08,Organic
348,2024-06-01,Referral
349,2023-04-09,Referral
350,2023-02-06,Facebook Ads
351,2023-10-07,Facebook Ads
352,2023-12-15,Organic
353,2024-05-11,Google Ads
354,2023-10-29,Facebook Ads
355,2023-06-30,Facebook Ads
356,2024-08-29,Organic
357,2023-04-09,Google Ads
358,2024-11-30,Google Ads
359,2023-04-26,Referral
360,2023-07-10,Google Ads
361,2023-09-10,Facebook Ads
362,2023-06-10,Google Ads
363,2023-09-13,Google Ads
364,2023-11-19,Google Ads
365,2023-05-08,Google Ads
366,2023-01-18,Organic
367,2024-07-19,Google Ads
368,2024-07-23,Referral
369,2023-11-19,Facebook Ads
370,2024-11-16,Facebook Ads
371,2024-09-17,Facebook Ads
372,2023-10-15,Facebook Ads
373,2024-10-24,Organic
374,2024-09-30,Google Ads
375,2023-06-04,Facebook Ads
376,2024-05-04,Organic
377,2024-01-21,Referral
378,2023-04-14,Organic
379,2024-01-28,Facebook Ads
380,2023-09-03,Organic
381,2023-06-25,Facebook Ads
382,2023-02-08,Facebook Ads
383,2024-04-21,Google Ads
384,2024-11-12,Facebook Ads
385,2024-06-21,Google Ads
386,2024-02-12,Google Ads
387,2024-06-08,Organic
388,2024-05-20,Google Ads
389,2023-02-05,Google Ads
390,2024-11-15,Google Ads
391,2023-01-20,Referral
392,2023-11-17,Facebook Ads
393,2024-05-26,Facebook Ads
394,2024-02-04,Organic
395,2024-10-15,Organic
396,2024-04-15,Google Ads
397,2023-05-23,Organic
398,2023-04-02,Organic
399,2023-12-20,Organic
400,2024-12-27,Google Ads
401,2023-02-20,Organic
402,2024-10-26,Facebook Ads
403,2024-11-28,Google Ads
404,2024-07-28,Facebook Ads
405,2023-07-09,Google Ads
406,2023-05-05,Google Ads
407,2023-05-30,Organic
408,2023-11-10,Google Ads
409,2024-07-23,Facebook Ads
410,2023-12-08,Facebook Ads
411,2023-11-01,Google Ads
412,2024-11-22,Referral
413,2024-11-12,Google Ads
414,2023-02-23,Google Ads
415,2024-03-19,Google Ads
416,2024-09-04,Google Ads
417,2023-09-21,Google Ads
418,2023-02-22,Organic
419,2024-07-25,Referral
420,2024-09-11,Google Ads
421,2023-01-05,Organic
422,2023-04-13,Organic
423,2023-07-15,Organic
424,2023-12-16,Facebook Ads
425,2023-02-16,Google Ads
426,2024-10-17,Google Ads
427,2023-09-26,Organic
428,2024-01-05,Organic
429,2024-09-27,Google Ads
430,2023-04-16,Facebook Ads
431,2024-10-31,Referral
432,2024-10-20,Organic
433,2024-10-18,Referral
434,2023-04-30,Organic
435,2024-08-26,Facebook Ads
436,2023-02-27,Facebook Ads
437,2023-12-12,Organic
438,2024-04-18,Google Ads
439,2023-04-27,Facebook Ads
440,2023-05-07,Organic
441,2024-01-28,Google Ads
442,2024-10-02,Organic
443,2023-02-27,Facebook Ads
444,2024-09-25,Referral
445,2024-05-27,Google Ads
446,2023-04-06,Google Ads
447,2024-09-29,Facebook Ads
448,2023-04-28,Google Ads
449,2024-07-13,Organic
450,2024-08-23,Organic
451,2024-05-02,Google Ads
452,2023-08-25,Facebook Ads
453,2023-09-29,Facebook Ads
454,2023-07-08,Facebook Ads
455,2024-12-04,Referral
456,2024-03-22,Organic
457,2024-08-03,Organic
458,2023-09-04,Organic
459,2023-03-17,Facebook Ads
460,2023-06-03,Referral
461,2024-10-17,Organic
462,2024-03-10,Organic
463,2023-03-27,Organic
464,2024-11-27,Google Ads
465,2023-10-12,Organic
466,2023-08-08,Google Ads
467,2023-03-10,Google Ads
468,2023-02-16,Google Ads
469,2023-04-04,Referral
470,2024-03-28,Organic
471,2023-07-23,Organic
472,2023-08-06,Organic
473,2024-04-18,Facebook Ads
474,2024-03-07,Referral
475,2023-12-07,Facebook Ads
476,2024-07-04,Facebook Ads
477,2024-09-03,Google Ads
478,2023-10-16,Organic
479,2023-09-11,Organic
480,2023-12-23,Facebook Ads
481,2023-01-23,Google Ads
482,2024-06-05,Organic
483,2023-04-10,Google Ads
484,2023-06-29,Organic
485,2023-08-11,Referral
486,2024-10-20,Facebook Ads
487,2024-03-17,Google Ads
488,2024-08-30,Organic
489,2023-11-21,Organic
490,2024-05-30,Facebook Ads
491,2023-01-16,Referral
492,2023-12-02,Google Ads
493,2023-09-15,Facebook Ads
494,2024-05-11,Organic
495,2023-06-09,Organic
496,2024-04-19,Google Ads
497,2024-10-25,Organic
498,2024-11-20,Facebook Ads
499,2024-11-05,Facebook Ads
500,2024-01-15,Google Ads
501,2024-06-28,Organic
502,2024-11-21,Google Ads
503,2024-03-02,Google Ads
504,2024-09-04,Google Ads
505,2023-09-25,Organic
506,2024-07-30,Organic
507,2024-02-21,Organic
508,2023-06-17,Google Ads
509,2023-02-12,Facebook Ads
510,2024-07-09,Facebook Ads
511,2023-10-12,Organic
512,2024-02-01,Referral
513,2023-01-12,Google Ads
514,2024-08-29,Organic
515,2023-10-29,Google Ads
516,2023-09-10,Facebook Ads
517,2024-05-13,Google Ads
518,2023-02-04,Google Ads
519,2024-12-27,Facebook Ads
520,2023-03-31,Facebook Ads
521,2024-08-27,Google Ads
522,2024-08-24,Organic
523,2024-02-22,Facebook Ads
524,2023-04-25,Google Ads
525,2024-09-08,Organic
526,2023-07-15,Google Ads
527,2024-05-15,Facebook Ads
528,2024-09-17,Organic
529,2024-05-07,Google Ads
530,2023-03-16,Google Ads
531,2024-02-17,Facebook Ads
532,2024-01-11,Referral
533,2024-02-24,Facebook Ads
534,2024-12-29,Organic
535,2023-10-04,Facebook Ads
536,2024-11-06,Google Ads
537,2024-01-29,Facebook Ads
538,2024-04-01,Organic
539,2023-07-11,Google Ads
540,2024-11-19,Google Ads
541,2023-04-09,Google Ads
542,2024-07-01,Facebook Ads
543,2023-04-06,Referral
544,2024-10-25,Google Ads
545,2024-10-24,Facebook Ads
546,2023-07-09,Google Ads
547,2023-02-06,Referral
548,2024-01-04,Google Ads
549,2024-11-25,Facebook Ads
550,2024-06-08,Organic
551,2023-10-06,Organic
552,2023-08-05,Facebook Ads
553,2023-09-30,Google Ads
554,2023-03-03,Facebook Ads
555,2024-08-18,Google Ads
556,2024-12-29,Google Ads
557,2023-12-08,Facebook Ads
558,2024-02-01,Google Ads
559,2024-11-29,Google Ads
560,2023-01-19,Organic
561,2023-06-26,Referral
562,2024-09-03,Facebook Ads
563,2024-01-31,Google Ads
564,2024-03-20,Google Ads
565,2023-08-21,Referral
566,2023-03-17,Google Ads
567,2023-09-22,Google Ads
568,2024-03-30,Facebook Ads
569,2024-12-18,Facebook Ads
570,2024-01-19,Facebook Ads
571,2024-07-17,Google Ads
572,2024-05-20,Google Ads
573,2024-01-02,Referral
574,2023-05-24,Google Ads
575,2023-03-10,Organic
576,2023-04-09,Organic
577,2024-01-31,Facebook Ads
578,2023-01-25,Google Ads
579,2024-04-13,Google Ads
580,2024-04-28,Facebook Ads
581,2024-07-18,Organic
582,2023-05-31,Referral
583,2023-05-24,Google Ads
584,2024-07-22,Google Ads
585,2023-02-08,Referral
586,2023-04-19,Organic
587,2024-11-23,Organic
588,2023-02-11,Google Ads
589,2023-07-05,Facebook Ads
590,2024-02-02,Organic
591,2023-08-11,Organic
592,2024-09-25,Facebook Ads
593,2023-05-13,Google Ads
594,2023-06-12,Facebook Ads
595,2023-08-03,Google Ads
596,2023-08-23,Facebook Ads
597,2024-10-19,Referral
598,2024-08-10,Facebook Ads
599,2023-01-09,Organic
600,2023-03-15,Google Ads
601,2024-05-06,Organic
602,2023-09-10,Referral
603,2023-08-18,Google Ads
604,2024-06-02,Google Ads
605,2023-06-23,Facebook Ads
606,2024-10-14,Google Ads
607,2023-06-17,Organic
608,2023-06-19,Referral
609,2024-01-28,Facebook Ads
610,2024-09-25,Google Ads
611,2023-07-13,Facebook Ads
612,2024-05-31,Organic
613,2023-01-29,Google Ads
614,2023-06-14,Facebook Ads
615,2024-02-26,Facebook Ads
616,2023-12-05,Facebook Ads
617,2024-10-09,Google Ads
618,2024-05-10,Organic
619,2023-12-31,Google Ads
620,2023-12-08,Google Ads
621,2024-05-14,Organic
622,2024-10-18,Organic
623,2024-05-25,Google Ads
624,2023-11-23,Google Ads
625,2023-08-05,Google Ads
626,2023-10-28,Google Ads
627,2023-05-12,Google Ads
628,2023-03-11,Google Ads
629,2023-09-09,Facebook Ads
630,2024-02-19,Organic
631,2024-03-20,Facebook Ads
632,2023-07-01,Organic
633,2023-06-16,Google Ads
634,2023-04-01,Referral
635,2024-12-14,Organic
636,2024-06-14,Organic
637,2023-02-08,Organic
638,2023-05-06,Referral
639,2024-03-26,Facebook Ads
640,2023-06-22,Google Ads
641,2024-10-14,Facebook Ads
642,2023-08-08,Organic
643,2024-09-29,Organic
644,2023-02-27,Facebook Ads
645,2024-10-21,Google Ads
646,2024-04-20,Facebook Ads
647,2024-03-31,Referral
648,2023-12-27,Facebook Ads
649,2023-01-01,Facebook Ads
650,2024-01-22,Google Ads
651,2023-12-14,Facebook Ads
652,2023-07-09,Organic
653,2024-05-19,Organic
654,2023-07-10,Organic
655,2024-05-22,Facebook Ads
656,2024-01-04,Facebook Ads
657,2024-02-13,Google Ads
658,2023-04-27,Organic
659,2023-05-14,Facebook Ads
660,2023-02-27,Facebook Ads
661,2024-07-09,Facebook Ads
662,2024-11-15,Referral
663,2024-11-02,Google Ads
664,2023-06-22,Organic
665,2023-05-29,Google Ads
666,2023-03-21,Facebook Ads
667,2023-08-01,Google Ads
668,2023-07-22,Google Ads
669,2023-08-17,Facebook Ads
670,2024-11-06,Google Ads
671,2023-08-15,Facebook Ads
672,2024-10-20,Referral
673,2024-06-15,Google Ads
674,2024-03-16,Organic
675,2024-02-06,Facebook Ads
676,2023-02-16,Organic
677,2023-08-21,Google Ads
678,2023-11-01,Google Ads
679,2024-06-09,Google Ads
680,2023-05-23,Google Ads
681,2024-02-19,Google Ads
682,2024-05-27,Organic
683,2024-01-08,Organic
684,2024-07-19,Organic
685,2023-09-16,Organic
686,2024-10-17,Google Ads
687,2024-04-15,Google Ads
688,2023-01-12,Google Ads
689,2023-11-26,Google Ads
690,2023-12-24,Facebook Ads
691,2024-02-12,Facebook Ads
692,2024-10-29,Facebook Ads
693,2024-01-08,Facebook Ads
694,2023-01-08,Organic
695,2023-05-02,Organic
696,2023-12-14,Google Ads
697,2024-11-06,Referral
698,2023-03-31,Referral
699,2024-10-09,Google Ads
700,2024-11-28,Facebook Ads
701,2023-11-12,Facebook Ads
702,2023-06-27,Referral
703,2024-06-23,Organic
704,2023-02-10,Google Ads
705,2024-12-04,Facebook Ads
706,2024-05-16,Facebook Ads
707,2023-05-25,Facebook Ads
708,2023-07-20,Google Ads
709,2024-12-24,Organic
710,2024-04-05,Organic
711,2024-07-11,Organic
712,2024-06-30,Organic
713,2023-09-10,Organic
714,2024-01-25,Facebook Ads
715,2024-08-16,Facebook Ads
716,2023-09-13,Google Ads
717,2024-12-09,Organic
718,2024-03-25,Google Ads
719,2023-01-10,Organic
720,2023-08-30,Google Ads
721,2023-09-08,Google Ads
722,2023-01-05,Google Ads
723,2023-04-29,Google Ads
724,2024-01-09,Organic
725,2023-03-06,Organic
726,2023-05-26,Facebook Ads
727,2023-08-12,Google Ads
728,2023-08-27,Google Ads
729,2023-06-26,Google Ads
730,2023-10-09,Google Ads
731,2023-03-04,Organic
732,2023-08-05,Google Ads
733,2024-11-19,Facebook Ads
734,2024-04-05,Google Ads
735,2024-09-01,Google Ads
736,2023-04-15,Facebook Ads
737,2023-04-09,Facebook Ads
738,2024-05-25,Google Ads
739,2024-01-20,Google Ads
740,2024-02-09,Facebook Ads
741,2024-06-01,Google Ads
742,2024-04-20,Google Ads
743,2024-12-09,Referral
744,2024-10-06,Facebook Ads
745,2024-03-12,Facebook Ads
746,2023-01-23,Facebook Ads
747,2024-07-18,Facebook Ads
748,2024-11-07,Facebook Ads
749,2024-12-14,Organic
750,2024-04-02,Organic
751,2023-03-24,Google Ads
752,2023-05-25,Facebook Ads
753,2023-03-26,Facebook Ads
754,2023-03-19,Organic
755,2024-04-01,Facebook Ads
756,2023-01-01,Facebook Ads
757,2023-02-20,Google Ads
758,2024-11-15,Facebook Ads
759,2024-12-17,Google Ads
760,2024-03-21,Google Ads
761,2024-03-24,Google Ads
762,2024-05-02,Organic
763,2023-02-03,Google Ads
764,2023-12-14,Facebook Ads
765,2023-04-05,Organic
766,2023-03-13,Google Ads
767,2024-07-04,Facebook Ads
768,2023-06-03,Facebook Ads
769,2023-09-07,Google Ads
770,2024-11-04,Organic
771,2024-03-13,Google Ads
772,2023-04-28,Facebook Ads
773,2023-11-02,Facebook Ads
774,2023-09-25,Facebook Ads
775,2023-02-23,Organic
776,2023-08-24,Google Ads
777,2024-01-24,Google Ads
778,2024-02-05,Organic
779,2024-09-15,Facebook Ads
780,2023-10-30,Organic
781,2023-07-26,Organic
782,2023-08-17,Organic
783,2024-07-31,Facebook Ads
784,2023-03-16,Google Ads
785,2024-03-10,Organic
786,2023-04-13,Facebook Ads
787,2024-02-26,Google Ads
788,2024-12-04,Organic
789,2023-11-02,Organic
790,2023-04-08,Facebook Ads
791,2023-12-01,Google Ads
792,2024-03-10,Facebook Ads
793,2024-03-22,Organic
794,2023-11-04,Referral
795,2023-09-06,Google Ads
796,2023-06-15,Google Ads
797,2024-04-25,Organic
798,2023-12-01,Facebook Ads
799,2024-06-25,Facebook Ads
800,2023-04-16,Referral
801,2024-07-16,Google Ads
802,2023-03-22,Facebook Ads
803,2023-05-13,Google Ads
804,2023-05-18,Facebook Ads
805,2023-07-03,Organic
806,2024-02-05,Facebook Ads
807,2023-11-26,Referral
808,2024-05-22,Facebook Ads
809,2023-03-10,Google Ads
810,2024-06-29,Google Ads
811,2023-02-22,Facebook Ads
812,2024-03-25,Facebook Ads
813,2023-07-24,Google Ads
814,2023-05-06,Facebook Ads
815,2023-02-12,Facebook Ads
816,2023-04-21,Organic
817,2024-10-24,Organic
818,2023-07-02,Organic
819,2023-04-05,Google Ads
820,2024-01-09,Google Ads
821,2024-06-03,Organic
822,2023-12-26,Facebook Ads
823,2024-11-26,Google Ads
824,2023-10-08,Organic
825,2023-07-14,Organic
826,2023-07-14,Facebook Ads
827,2024-10-28,Google Ads
828,2023-04-03,Organic
829,2024-11-02,Facebook Ads
830,2023-03-02,Organic
831,2024-09-25,Organic
832,2023-02-20,Organic
833,2024-02-07,Facebook Ads
834,2023-01-05,Google Ads
835,2024-04-10,Organic
836,2024-08-26,Facebook Ads
837,2024-11-12,Organic
838,2024-06-17,Google Ads
839,2024-02-09,Google Ads
840,2024-05-27,Organic
841,2024-10-06,Organic
842,2023-08-21,Referral
843,2024-06-07,Organic
844,2023-12-12,Facebook Ads
845,2023-02-15,Organic
846,2024-06-29,Organic
847,2023-03-19,Facebook Ads
848,2024-12-30,Facebook Ads
849,2023-03-14,Google Ads
850,2023-09-06,Facebook Ads
851,2023-02-16,Organic
852,2023-05-01,Google Ads
853,2023-08-02,Google Ads
854,2023-08-27,Google Ads
855,2023-02-25,Google Ads
856,2023-12-16,Google Ads
857,2023-04-17,Facebook Ads
858,2023-02-17,Referral
859,2024-07-26,Facebook Ads
860,2023-12-03,Google Ads
861,2023-01-26,Google Ads
862,2023-09-14,Organic
863,2023-01-08,Facebook Ads
864,2024-09-16,Organic
865,2023-09-10,Organic
866,2024-11-22,Organic
867,2024-12-19,Google Ads
868,2023-10-30,Organic
869,2024-09-30,Google Ads
870,2023-02-25,Referral
871,2024-12-26,Facebook Ads
872,2024-06-09,Google Ads
873,2024-04-18,Google Ads
874,2023-01-28,Google Ads
875,2023-03-19,Organic
876,2023-08-04,Google Ads
877,2024-01-21,Facebook Ads
878,2023-12-31,Google Ads
879,2024-10-27,Organic
880,2024-06-09,Organic
881,2024-11-29,Organic
882,2023-11-08,Organic
883,2023-01-07,Google Ads
884,2023-01-03,Google Ads
885,2024-09-14,Organic
886,2023-12-29,Facebook Ads
887,2024-05-22,Facebook Ads
888,2023-10-01,Google Ads
889,2024-05-20,Google Ads
890,2023-01-15,Google Ads
891,2023-07-11,Organic
892,2024-09-22,Google Ads
893,2024-04-29,Facebook Ads
894,2023-01-28,Google Ads
895,2024-12-14,Organic
896,2023-02-08,Google Ads
897,2023-09-30,Organic
898,2023-08-19,Organic
899,2023-03-27,Google Ads
900,2024-04-18,Referral
901,2023-05-06,Referral
902,2024-06-20,Organic
903,2023-05-25,Organic
904,2024-06-08,Google Ads
905,2023-07-31,Facebook Ads
906,2023-01-25,Google Ads
907,2024-08-02,Google Ads
908,2024-01-29,Referral
909,2023-03-08,Google Ads
910,2023-08-21,Organic
911,2023-04-19,Organic
912,2023-05-26,Organic
913,2023-04-21,Referral
914,2023-08-16,Google Ads
915,2023-04-21,Google Ads
916,2024-04-14,Facebook Ads
917,2023-02-03,Google Ads
918,2024-09-14,Google Ads
919,2024-01-04,Facebook Ads
920,2024-08-17,Organic
921,2024-07-07,Facebook Ads
922,2024-02-29,Google Ads
923,2024-09-04,Organic
924,2024-06-01,Google Ads
925,2024-11-22,Google Ads
926,2023-10-09,Organic
927,2023-11-16,Facebook Ads
928,2024-03-18,Organic
929,2023-11-11,Google Ads
930,2024-01-12,Organic
931,2023-10-16,Facebook Ads
932,2024-03-12,Facebook Ads
933,2024-10-23,Facebook Ads
934,2023-10-04,Organic
935,2024-12-10,Facebook Ads
936,2024-08-04,Facebook Ads
937,2024-05-17,Referral
938,2024-09-15,Organic
939,2024-05-30,Facebook Ads
940,2023-12-16,Organic
941,2024-03-21,Facebook Ads
942,2023-12-16,Google Ads
943,2024-08-29,Facebook Ads
944,2024-10-25,Referral
945,2023-05-17,Referral
946,2023-08-31,Google Ads
947,2024-06-26,Facebook Ads
948,2023-02-09,Google Ads
949,2023-08-17,Referral
950,2024-07-01,Referral
951,2023-08-11,Facebook Ads
952,2023-01-06,Organic
953,2023-11-18,Organic
954,2024-04-12,Facebook Ads
955,2023-03-16,Google Ads
956,2023-01-04,Facebook Ads
957,2024-10-07,Organic
958,2023-04-28,Organic
959,2024-08-28,Facebook Ads
960,2024-05-18,Referral
961,2024-07-27,Google Ads
962,2024-03-16,Facebook Ads
963,2023-07-13,Organic
964,2024-12-15,Organic
965,2024-01-27,Facebook Ads
966,2023-01-26,Google Ads
967,2024-03-10,Google Ads
968,2023-06-22,Facebook Ads
969,2023-10-27,Facebook Ads
970,2024-10-06,Google Ads
971,2023-11-22,Organic
972,2024-02-14,Facebook Ads
973,2023-04-28,Organic
974,2024-12-24,Organic
975,2023-08-13,Google Ads
976,2024-06-15,Google Ads
977,2023-04-23,Organic
978,2023-05-20,Facebook Ads
979,2024-07-12,Organic
980,2023-01-01,Organic
981,2023-03-31,Organic
982,2024-10-15,Referral
983,2023-11-16,Facebook Ads
984,2024-07-03,Facebook Ads
985,2023-05-19,Facebook Ads
986,2024-05-25,Google Ads
987,2023-09-16,Facebook Ads
988,2024-11-03,Google Ads
989,2024-11-20,Referral
990,2023-01-10,Facebook Ads
991,2023-09-18,Facebook Ads
992,2024-10-11,Facebook Ads
993,2023-06-21,Google Ads
994,2023-01-13,Google Ads
995,2023-06-17,Facebook Ads
996,2024-10-03,Google Ads
997,2024-08-18,Facebook Ads
998,2023-11-17,Organic
999,2023-11-15,Organic
1000,2024-09-04,Organic
1001,2023-11-25,Google Ads
1002,2024-07-03,Organic
1003,2024-02-23,Organic
1004,2024-08-28,Google Ads
1005,2023-04-05,Organic
1006,2024-08-03,Google Ads
1007,2023-11-14,Organic
1008,2023-08-24,Referral
1009,2023-11-30,Google Ads
1010,2024-01-11,Organic
1011,2024-04-03,Facebook Ads
1012,2023-05-17,Referral
1013,2024-08-10,Facebook Ads
1014,2024-06-30,Organic
1015,2024-05-27,Google Ads
1016,2023-10-23,Google Ads
1017,2023-11-16,Google Ads
1018,2024-07-25,Referral
1019,2023-12-15,Organic
1020,2023-08-17,Organic
1021,2023-09-27,Referral
1022,2023-10-18,Google Ads
1023,2024-12-25,Facebook Ads
1024,2023-06-14,Google Ads
1025,2023-01-05,Google Ads
1026,2024-01-14,Google Ads
1027,2023-03-19,Facebook Ads
1028,2024-02-14,Google Ads
1029,2024-07-27,Google Ads
1030,2023-05-12,Google Ads
1031,2024-08-23,Google Ads
1032,2023-02-11,Referral
1033,2023-03-30,Organic
1034,2024-02-06,Referral
1035,2023-10-23,Facebook Ads
1036,2023-10-22,Google Ads
1037,2024-09-07,Organic
1038,2024-06-09,Google Ads
1039,2024-11-21,Google Ads
1040,2024-09-28,Google Ads
1041,2024-02-26,Google Ads
1042,2023-01-23,Google Ads
1043,2024-07-28,Facebook Ads
1044,2023-05-23,Organic
1045,2024-10-26,Google Ads
1046,2023-05-25,Google Ads
1047,2023-08-13,Organic
1048,2024-05-17,Google Ads
1049,2024-09-07,Google Ads
1050,2023-04-14,Organic
1051,2023-02-08,Google Ads
1052,2023-07-17,Google Ads
1053,2024-10-07,Facebook Ads
1054,2024-08-01,Google Ads
1055,2024-01-26,Facebook Ads
1056,2023-06-28,Organic
1057,2024-07-07,Google Ads
1058,2024-03-23,Facebook Ads
1059,2024-05-14,Facebook Ads
1060,2023-01-15,Google Ads
1061,2024-09-14,Facebook Ads
1062,2024-10-30,Google Ads
1063,2023-10-16,Facebook Ads
1064,2024-04-22,Google Ads
1065,2023-08-19,Facebook Ads
1066,2024-02-24,Google Ads
1067,2023-06-06,Organic
1068,2024-07-03,Google Ads
1069,2024-03-16,Facebook Ads
1070,2023-04-07,Facebook Ads
1071,2024-02-15,Organic
1072,2023-10-16,Facebook Ads
1073,2023-09-11,Organic
1074,2023-07-15,Organic
1075,2024-08-20,Organic
1076,2024-06-05,Google Ads
1077,2024-05-31,Facebook Ads
1078,2024-09-26,Organic
1079,2023-04-28,Referral
1080,2023-06-08,Organic
1081,2023-08-16,Facebook Ads
1082,2023-08-04,Google Ads
1083,2024-11-26,Facebook Ads
1084,2023-01-15,Organic
1085,2023-06-06,Facebook Ads
1086,2024-10-09,Facebook Ads
1087,2023-09-18,Organic
1088,2023-06-06,Facebook Ads
1089,2023-02-16,Organic
1090,2023-11-20,Facebook Ads
1091,2024-11-15,Google Ads
1092,2023-05-10,Facebook Ads
1093,2024-02-15,Organic
1094,2023-04-05,Google Ads
1095,2024-09-18,Google Ads
1096,2023-10-19,Referral
1097,2023-10-10,Google Ads
1098,2023-03-10,Facebook Ads
1099,2024-10-21,Facebook Ads
1100,2023-01-11,Facebook Ads
1101,2023-09-11,Facebook Ads
1102,2024-07-03,Google Ads
1103,2023-05-14,Facebook Ads
1104,2024-12-12,Facebook Ads
1105,2023-01-23,Organic
1106,2023-12-12,Google Ads
1107,2023-10-29,Facebook Ads
1108,2023-12-29,Google Ads
1109,2024-01-31,Google Ads
1110,2023-08-06,Google Ads
1111,2023-05-21,Google Ads
1112,2024-09-07,Organic
1113,2023-07-29,Google Ads
1114,2024-09-14,Referral
1115,2024-09-07,Referral
1116,2024-11-13,Facebook Ads
1117,2024-04-04,Google Ads
1118,2023-12-22,Facebook Ads
1119,2023-11-20,Organic
1120,2023-05-13,Facebook Ads
1121,2023-05-07,Google Ads
1122,2023-04-16,Facebook Ads
1123,2024-08-26,Organic
1124,2024-01-13,Organic
1125,2023-02-20,Google Ads
1126,2023-01-29,Organic
1127,2024-04-06,Google Ads
1128,2023-10-23,Google Ads
1129,2023-10-24,Organic
1130,2024-12-26,Google Ads
1131,2024-02-11,Google Ads
1132,2024-09-04,Google Ads
1133,2024-02-09,Organic
1134,2023-12-12,Organic
1135,2024-09-13,Facebook Ads
1136,2024-02-24,Organic
1137,2023-07-01,Google Ads
1138,2023-01-01,Facebook Ads
1139,2024-07-20,Facebook Ads
1140,2024-01-06,Google Ads
1141,2024-10-22,Facebook Ads
1142,2024-03-06,Referral
1143,2023-11-05,Google Ads
1144,2023-05-17,Google Ads
1145,2023-07-21,Google Ads
1146,2024-03-11,Google Ads
1147,2023-11-09,Referral
1148,2023-04-27,Facebook Ads
1149,2024-10-27,Facebook Ads
1150,2024-07-28,Organic
1151,2023-09-01,Google Ads
1152,2024-06-20,Facebook Ads
1153,2024-08-24,Facebook Ads
1154,2023-03-16,Facebook Ads
1155,2024-01-21,Referral
1156,2023-07-29,Organic
1157,2024-04-19,Facebook Ads
1158,2024-02-22,Organic
1159,2023-12-13,Google Ads
1160,2024-06-12,Google Ads
1161,2024-10-01,Google Ads
1162,2023-06-28,Google Ads
1163,2023-07-01,Facebook Ads
1164,2024-10-25,Facebook Ads
1165,2023-01-25,Referral
1166,2023-06-29,Facebook Ads
1167,2024-12-10,Facebook Ads
1168,2024-05-15,Google Ads
1169,2023-06-10,Google Ads
1170,2023-06-26,Facebook Ads
1171,2023-10-12,Facebook Ads
1172,2023-03-04,Organic
1173,2024-10-23,Google Ads
1174,2024-10-27,Google Ads
1175,2023-06-05,Facebook Ads
1176,2024-04-13,Google Ads
1177,2023-02-18,Google Ads
1178,2023-03-25,Organic
1179,2023-12-27,Google Ads
1180,2024-11-19,Facebook Ads
1181,2023-05-28,Google Ads
1182,2024-09-21,Google Ads
1183,2023-12-08,Facebook Ads
1184,2024-04-20,Organic
1185,2023-03-04,Facebook Ads
1186,2024-12-01,Organic
1187,2023-12-26,Google Ads
1188,2024-07-14,Organic
1189,2023-11-23,Google Ads
1190,2023-05-21,Organic
1191,2023-08-03,Facebook Ads
1192,2024-03-10,Referral
1193,2024-12-23,Facebook Ads
1194,2023-11-14,Google Ads
1195,2023-02-01,Google Ads
1196,2024-10-31,Organic
1197,2023-10-12,Facebook Ads
1198,2023-11-01,Organic
1199,2024-03-04,Google Ads
1200,2024-04-21,Google Ads
1201,2023-10-13,Google Ads
1202,2023-05-24,Referral
1203,2024-02-28,Organic
1204,2023-01-19,Referral
1205,2023-01-18,Google Ads
1206,2024-08-12,Facebook Ads
1207,2024-01-06,Organic
1208,2023-06-24,Google Ads
1209,2023-07-13,Organic
1210,2024-05-16,Referral
1211,2023-04-23,Organic
1212,2023-04-24,Organic
1213,2023-08-10,Google Ads
1214,2024-11-08,Google Ads
1215,2024-10-05,Referral
1216,2023-09-21,Google Ads
1217,2023-02-24,Organic
1218,2024-10-04,Organic
1219,2024-04-02,Facebook Ads
1220,2023-06-11,Referral
1221,2024-01-15,Google Ads
1222,2023-03-28,Google Ads
1223,2023-02-24,Google Ads
1224,2024-04-20,Facebook Ads
1225,2023-06-27,Google Ads
1226,2024-01-26,Google Ads
1227,2023-12-15,Organic
1228,2023-01-08,Referral
1229,2023-11-09,Google Ads
1230,2024-03-18,Facebook Ads
1231,2023-11-24,Referral
1232,2023-02-23,Google Ads
1233,2023-08-27,Google Ads
1234,2023-08-17,Google Ads
1235,2024-08-01,Facebook Ads
1236,2023-02-20,Google Ads
1237,2024-08-31,Referral
1238,2024-08-26,Facebook Ads
1239,2023-09-21,Facebook Ads
1240,2024-02-22,Google Ads
1241,2023-04-06,Facebook Ads
1242,2023-03-29,Organic
1243,2023-03-19,Organic
1244,2023-10-15,Organic
1245,2023-04-30,Facebook Ads
1246,2024-05-05,Referral
1247,2024-03-27,Organic
1248,2024-05-14,Organic
1249,2023-06-14,Google Ads
1250,2023-07-01,Google Ads
1251,2024-04-13,Google Ads
1252,2023-01-07,Organic
1253,2023-11-26,Facebook Ads
1254,2024-11-03,Facebook Ads
1255,2023-05-31,Organic
1256,2023-03-26,Organic
1257,2023-05-27,Referral
1258,2024-09-15,Google Ads
1259,2024-01-16,Organic
1260,2024-07-01,Google Ads
1261,2023-10-12,Google Ads
1262,2024-11-30,Google Ads
1263,2023-03-23,Google Ads
1264,2024-05-28,Facebook Ads
1265,2024-12-09,Organic
1266,2024-06-06,Google Ads
1267,2024-01-21,Organic
1268,2024-12-07,Facebook Ads
1269,2024-04-15,Google Ads
1270,2023-04-29,Facebook Ads
1271,2024-01-31,Google Ads
1272,2024-06-15,Facebook Ads
1273,2023-09-18,Facebook Ads
1274,2023-09-13,Google Ads
1275,2023-08-14,Google Ads
1276,2023-02-22,Facebook Ads
1277,2024-05-14,Referral
1278,2024-05-20,Google Ads
1279,2023-12-30,Organic
1280,2023-10-07,Organic
1281,2024-08-15,Referral
1282,2024-12-14,Organic
1283,2023-06-07,Facebook Ads
1284,2024-09-23,Organic
1285,2023-02-28,Organic
1286,2024-12-27,Facebook Ads
1287,2023-05-08,Google Ads
1288,2024-12-21,Google Ads
1289,2023-04-25,Organic
1290,2023-07-28,Organic
1291,2024-06-09,Google Ads
1292,2024-06-04,Facebook Ads
1293,2024-07-05,Facebook Ads
1294,2023-08-25,Google Ads
1295,2023-10-08,Referral
1296,2023-12-25,Google Ads
1297,2023-07-20,Google Ads
1298,2023-10-05,Facebook Ads
1299,2023-08-23,Organic
1300,2024-05-08,Google Ads
1301,2023-01-04,Organic
1302,2024-10-27,Facebook Ads
1303,2024-03-17,Google Ads
1304,2023-01-29,Google Ads
1305,2023-04-19,Facebook Ads
1306,2024-09-01,Google Ads
1307,2024-12-27,Referral
1308,2023-03-16,Organic
1309,2023-05-26,Referral
1310,2023-05-08,Google Ads
1311,2023-02-11,Referral
1312,2023-12-22,Facebook Ads
1313,2023-02-10,Google Ads
1314,2023-02-03,Google Ads
1315,2023-01-17,Google Ads
1316,2024-11-07,Organic
1317,2023-06-02,Facebook Ads
1318,2024-01-13,Google Ads
1319,2024-08-10,Facebook Ads
1320,2024-08-21,Google Ads
1321,2024-09-20,Facebook Ads
1322,2023-12-08,Facebook Ads
1323,2023-01-27,Organic
1324,2023-10-14,Organic
1325,2024-10-07,Facebook Ads
1326,2024-12-31,Facebook Ads
1327,2023-06-17,Facebook Ads
1328,2024-09-01,Organic
1329,2023-09-25,Google Ads
1330,2024-03-30,Google Ads
1331,2024-11-15,Google Ads
1332,2024-02-05,Facebook Ads
1333,2024-04-20,Facebook Ads
1334,2024-12-02,Organic
1335,2024-09-25,Google Ads
1336,2024-07-11,Facebook Ads
1337,2024-07-29,Organic
1338,2023-05-10,Organic
1339,2023-12-29,Facebook Ads
1340,2024-12-05,Facebook Ads
1341,2024-11-23,Google Ads
1342,2023-10-19,Referral
1343,2024-01-06,Google Ads
1344,2023-01-29,Referral
1345,2023-05-29,Organic
1346,2023-10-23,Facebook Ads
1347,2023-01-11,Google Ads
1348,2024-05-26,Facebook Ads
1349,2024-11-06,Facebook Ads
1350,2023-04-23,Google Ads
1351,2023-07-06,Organic
1352,2023-08-15,Referral
1353,2023-11-06,Facebook Ads
1354,2023-04-08,Organic
1355,2023-02-24,Google Ads
1356,2024-09-14,Facebook Ads
1357,2024-10-25,Google Ads
1358,2024-02-10,Facebook Ads
1359,2023-03-10,Referral
1360,2023-11-08,Organic
1361,2023-10-16,Google Ads
1362,2024-07-01,Facebook Ads
1363,2023-05-28,Facebook Ads
1364,2024-04-11,Facebook Ads
1365,2023-09-01,Organic
1366,2024-05-05,Organic
1367,2024-05-21,Facebook Ads
1368,2023-12-31,Facebook Ads
1369,2024-04-26,Google Ads
1370,2023-07-20,Google Ads
1371,2023-06-03,Facebook Ads
1372,2024-03-25,Facebook Ads
1373,2024-05-15,Organic
1374,2023-03-14,Organic
1375,2024-12-13,Google Ads
1376,2023-10-23,Facebook Ads
1377,2023-01-17,Google Ads
1378,2024-10-02,Google Ads
1379,2023-08-05,Organic
1380,2023-03-02,Google Ads
1381,2024-09-07,Facebook Ads
1382,2023-02-11,Google Ads
1383,2023-01-25,Organic
1384,2023-02-08,Facebook Ads
1385,2023-05-11,Google Ads
1386,2024-05-12,Facebook Ads
1387,2023-08-17,Organic
1388,2023-04-18,Referral
1389,2023-06-21,Google Ads
1390,2024-03-10,Organic
1391,2024-04-22,Referral
1392,2023-04-12,Referral
1393,2024-06-07,Facebook Ads
1394,2023-10-02,Facebook Ads
1395,2024-09-04,Facebook Ads
1396,2023-02-13,Organic
1397,2023-01-17,Facebook Ads
1398,2023-11-26,Organic
1399,2024-07-22,Facebook Ads
1400,2024-05-11,Organic
1401,2023-01-12,Organic
1402,2023-11-14,Google Ads
1403,2024-08-14,Organic
1404,2023-08-04,Facebook Ads
1405,2023-12-05,Organic
1406,2024-10-22,Facebook Ads
1407,2023-03-22,Facebook Ads
1408,2024-12-27,Referral
1409,2024-04-29,Google Ads
1410,2024-01-09,Organic
1411,2024-12-10,Facebook Ads
1412,2023-07-19,Facebook Ads
1413,2024-06-20,Google Ads
1414,2024-04-10,Facebook Ads
1415,2023-03-30,Google Ads
1416,2023-09-25,Google Ads
1417,2024-10-16,Google Ads
1418,2024-07-24,Google Ads
1419,2024-05-03,Referral
1420,2024-06-21,Referral
1421,2023-02-16,Facebook Ads
1422,2023-10-15,Organic
1423,2023-01-16,Google Ads
1424,2024-12-11,Organic
1425,2024-02-05,Organic
1426,2023-03-27,Referral
1427,2023-09-07,Facebook Ads
1428,2024-01-26,Organic
1429,2023-12-01,Google Ads
1430,2024-09-20,Referral
1431,2024-06-02,Google Ads
1432,2023-05-17,Facebook Ads
1433,2024-11-18,Organic
1434,2024-05-12,Organic
1435,2024-12-27,Google Ads
1436,2024-04-21,Referral
1437,2024-08-16,Google Ads
1438,2023-08-11,Facebook Ads
1439,2024-01-07,Google Ads
1440,2024-02-06,Google Ads
1441,2024-03-18,Facebook Ads
1442,2024-05-04,Facebook Ads
1443,2024-09-06,Google Ads
1444,2023-09-30,Google Ads
1445,2024-06-09,Facebook Ads
1446,2023-06-08,Organic
1447,2023-06-01,Organic
1448,2024-09-11,Google Ads
1449,2023-07-07,Facebook Ads
1450,2023-04-08,Google Ads
1451,2023-05-11,Google Ads
1452,2023-06-20,Organic
1453,2023-07-02,Facebook Ads
1454,2023-12-30,Google Ads
1455,2023-02-08,Google Ads
1456,2024-06-10,Google Ads
1457,2024-05-11,Organic
1458,2024-05-30,Referral
1459,2023-12-15,Google Ads
1460,2024-02-01,Google Ads
1461,2024-12-22,Organic
1462,2023-06-10,Referral
1463,2023-01-16,Facebook Ads
1464,2024-05-07,Google Ads
1465,2024-03-01,Google Ads
1466,2023-04-18,Facebook Ads
1467,2024-03-25,Facebook Ads
1468,2023-11-07,Google Ads
1469,2023-06-19,Facebook Ads
1470,2024-06-29,Google Ads
1471,2024-02-18,Organic
1472,2023-09-08,Google Ads
1473,2023-05-21,Google Ads
1474,2023-10-01,Facebook Ads
1475,2024-02-20,Facebook Ads
1476,2024-08-30,Referral
1477,2023-02-08,Facebook Ads
1478,2023-01-29,Google Ads
1479,2024-04-21,Organic
1480,2023-11-14,Google Ads
1481,2023-09-02,Referral
1482,2024-11-27,Facebook Ads
1483,2023-09-29,Facebook Ads
1484,2024-03-15,Google Ads
1485,2023-08-27,Facebook Ads
1486,2024-01-12,Organic
1487,2023-09-23,Organic
1488,2023-12-25,Google Ads
1489,2023-12-06,Google Ads
1490,2024-01-24,Organic
1491,2024-07-30,Referral
1492,2024-11-19,Google Ads
1493,2023-01-03,Facebook Ads
1494,2024-03-04,Google Ads
1495,2023-05-22,Organic
1496,2024-01-11,Google Ads
1497,2024-10-31,Google Ads
1498,2023-11-20,Organic
1499,2023-05-26,Google Ads
1500,2023-10-20,Facebook Ads
1501,2024-10-26,Facebook Ads
1502,2024-03-07,Google Ads
1503,2024-12-05,Facebook Ads
1504,2024-08-07,Facebook Ads
1505,2024-02-03,Google Ads
1506,2023-12-10,Facebook Ads
1507,2023-05-20,Organic
1508,2023-07-06,Organic
1509,2023-03-02,Google Ads
1510,2024-01-15,Google Ads
1511,2024-12-10,Google Ads
1512,2024-03-15,Facebook Ads
1513,2023-11-15,Facebook Ads
1514,2023-10-29,Organic
1515,2023-12-10,Google Ads
1516,2023-01-11,Google Ads
1517,2023-03-03,Facebook Ads
1518,2023-08-14,Organic
1519,2023-06-02,Google Ads
1520,2024-12-11,Facebook Ads
1521,2024-07-17,Google Ads
1522,2024-07-24,Organic
1523,2024-08-06,Organic
1524,2024-10-21,Google Ads
1525,2024-07-28,Google Ads
1526,2023-11-06,Facebook Ads
1527,2023-08-31,Google Ads
1528,2024-05-07,Organic
1529,2024-01-01,Organic
1530,2023-11-26,Organic
1531,2023-04-17,Organic
1532,2023-08-14,Facebook Ads
1533,2023-08-06,Google Ads
1534,2024-05-20,Organic
1535,2023-09-16,Facebook Ads
1536,2024-05-31,Organic
1537,2023-02-23,Google Ads
1538,2023-02-16,Google Ads
1539,2024-12-27,Referral
1540,2024-11-19,Google Ads
1541,2024-06-04,Referral
1542,2023-04-09,Referral
1543,2023-01-20,Organic
1544,2024-07-26,Organic
1545,2024-05-04,Facebook Ads
1546,2024-02-23,Organic
1547,2024-11-20,Google Ads
1548,2023-03-03,Facebook Ads
1549,2023-05-25,Facebook Ads
1550,2023-08-04,Facebook Ads
1551,2023-01-03,Facebook Ads
1552,2023-06-09,Google Ads
1553,2023-04-30,Facebook Ads
1554,2023-03-30,Organic
1555,2023-11-25,Google Ads
1556,2024-08-02,Referral
1557,2023-12-23,Organic
1558,2024-09-01,Organic
1559,2023-09-24,Facebook Ads
1560,2024-09-08,Organic
1561,2023-11-19,Google Ads
1562,2024-09-26,Organic
1563,2024-06-24,Google Ads
1564,2024-10-10,Organic
1565,2023-07-14,Referral
1566,2023-11-28,Google Ads
1567,2023-06-19,Google Ads
1568,2024-06-04,Organic
1569,2024-04-07,Google Ads
1570,2023-02-09,Organic
1571,2024-06-20,Google Ads
1572,2023-09-18,Google Ads
1573,2024-01-30,Referral
1574,2023-08-14,Organic
1575,2023-05-04,Organic
1576,2023-02-07,Google Ads
1577,2023-11-24,Organic
1578,2023-09-08,Facebook Ads
1579,2023-06-25,Facebook Ads
1580,2024-08-24,Organic
1581,2024-03-29,Facebook Ads
1582,2023-02-06,Facebook Ads
1583,2023-11-12,Google Ads
1584,2024-11-18,Organic
1585,2024-08-15,Google Ads
1586,2023-04-24,Organic
1587,2023-02-09,Google Ads
1588,2023-10-28,Facebook Ads
1589,2023-08-12,Organic
1590,2023-11-14,Google Ads
1591,2023-12-15,Google Ads
1592,2023-04-25,Google Ads
1593,2024-11-28,Facebook Ads
1594,2023-11-19,Organic
1595,2024-07-21,Google Ads
1596,2023-02-09,Organic
1597,2023-02-09,Google Ads
1598,2023-10-16,Facebook Ads
1599,2023-09-19,Referral
1600,2023-08-04,Google Ads
1601,2023-05-27,Facebook Ads
1602,2023-12-02,Google Ads
1603,2023-06-17,Google Ads
1604,2023-04-02,Google Ads
1605,2023-12-19,Google Ads
1606,2024-07-24,Facebook Ads
1607,2024-07-24,Facebook Ads
1608,2024-11-11,Facebook Ads
1609,2023-12-29,Google Ads
1610,2024-07-10,Google Ads
1611,2023-12-11,Organic
1612,2024-11-23,Referral
1613,2023-06-19,Google Ads
1614,2023-12-22,Organic
1615,2023-07-10,Facebook Ads
1616,2024-10-28,Facebook Ads
1617,2024-02-26,Facebook Ads
1618,2024-11-30,Google Ads
1619,2023-01-07,Google Ads
1620,2023-05-13,Facebook Ads
1621,2024-07-10,Google Ads
1622,2023-01-31,Referral
1623,2024-06-18,Facebook Ads
1624,2024-03-01,Google Ads
1625,2024-01-29,Organic
1626,2024-11-02,Google Ads
1627,2023-12-29,Facebook Ads
1628,2024-03-12,Organic
1629,2024-10-31,Referral
1630,2024-07-04,Organic
1631,2023-03-23,Organic
1632,2023-12-22,Organic
1633,2023-09-15,Referral
1634,2024-12-18,Google Ads
1635,2024-08-11,Google Ads
1636,2024-06-07,Google Ads
1637,2023-10-22,Google Ads
1638,2023-08-12,Organic
1639,2024-06-08,Facebook Ads
1640,2023-02-15,Facebook Ads
1641,2024-10-28,Google Ads
1642,2023-04-23,Organic
1643,2023-08-21,Google Ads
1644,2023-01-17,Organic
1645,2023-12-26,Facebook Ads
1646,2023-08-11,Google Ads
1647,2024-11-30,Google Ads
1648,2024-03-23,Google Ads
1649,2023-12-31,Organic
1650,2024-11-05,Referral
1651,2023-11-22,Facebook Ads
1652,2024-04-11,Google Ads
1653,2024-02-18,Facebook Ads
1654,2024-03-30,Organic
1655,2024-08-08,Organic
1656,2023-08-21,Google Ads
1657,2023-08-12,Google Ads
1658,2024-02-16,Organic
1659,2024-07-25,Facebook Ads
1660,2023-12-01,Google Ads
1661,2023-08-10,Google Ads
1662,2023-02-06,Facebook Ads
1663,2023-10-05,Organic
1664,2023-07-15,Referral
1665,2024-04-28,Facebook Ads
1666,2023-08-30,Facebook Ads
1667,2023-11-20,Google Ads
1668,2024-12-31,Facebook Ads
1669,2023-07-11,Facebook Ads
1670,2023-01-17,Facebook Ads
1671,2024-06-07,Facebook Ads
1672,2024-02-05,Google Ads
1673,2024-12-05,Google Ads
1674,2023-01-22,Google Ads
1675,2024-04-18,Google Ads
1676,2023-04-30,Google Ads
1677,2023-07-29,Referral
1678,2023-11-02,Facebook Ads
1679,2023-09-27,Facebook Ads
1680,2024-12-04,Organic
1681,2024-11-17,Referral
1682,2023-10-12,Facebook Ads
1683,2024-12-16,Organic
1684,2024-11-06,Google Ads
1685,2023-08-15,Google Ads
1686,2024-01-16,Facebook Ads
1687,2024-04-04,Organic
1688,2023-01-07,Organic
1689,2023-01-29,Google Ads
1690,2023-02-02,Google Ads
1691,2024-10-07,Facebook Ads
1692,2023-03-20,Google Ads
1693,2024-04-03,Facebook Ads
1694,2024-07-23,Organic
1695,2024-06-21,Organic
1696,2024-04-26,Organic
1697,2024-03-05,Organic
1698,2023-10-12,Facebook Ads
1699,2024-05-30,Organic
1700,2023-04-09,Facebook Ads
1701,2024-02-01,Google Ads
1702,2024-05-03,Google Ads
1703,2023-02-08,Google Ads
1704,2023-09-28,Facebook Ads
1705,2023-06-06,Facebook Ads
1706,2023-03-16,Organic
1707,2023-05-10,Google Ads
1708,2024-11-17,Google Ads
1709,2023-03-25,Referral
1710,2023-01-22,Google Ads
1711,2024-04-03,Facebook Ads
1712,2024-06-22,Facebook Ads
1713,2024-12-07,Facebook Ads
1714,2024-01-17,Google Ads
1715,2024-03-15,Google Ads
1716,2024-08-26,Google Ads
1717,2023-01-21,Facebook Ads
1718,2023-10-30,Facebook Ads
1719,2023-03-25,Google Ads
1720,2024-10-20,Facebook Ads
1721,2024-03-28,Organic
1722,2024-01-22,Google Ads
1723,2024-05-21,Facebook Ads
1724,2023-09-14,Organic
1725,2024-07-23,Google Ads
1726,2024-06-10,Google Ads
1727,2023-06-11,Facebook Ads
1728,2023-06-12,Organic
1729,2024-06-07,Organic
1730,2023-09-28,Facebook Ads
1731,2024-05-06,Organic
1732,2023-07-27,Facebook Ads
1733,2024-06-22,Facebook Ads
1734,2024-08-06,Facebook Ads
1735,2023-03-01,Google Ads
1736,2024-03-05,Organic
1737,2024-10-18,Facebook Ads
1738,2024-08-27,Facebook Ads
1739,2023-11-05,Referral
1740,2024-06-03,Google Ads
1741,2024-08-13,Google Ads
1742,2023-01-27,Google Ads
1743,2024-11-16,Organic
1744,2024-07-15,Organic
1745,2023-07-18,Google Ads
1746,2024-01-22,Organic
1747,2023-12-15,Facebook Ads
1748,2024-11-23,Organic
1749,2024-06-19,Facebook Ads
1750,2024-01-13,Facebook Ads
1751,2024-07-11,Referral
1752,2024-06-10,Google Ads
1753,2023-06-02,Google Ads
1754,2023-07-25,Facebook Ads
1755,2024-03-30,Referral
1756,2023-09-30,Facebook Ads
1757,2023-08-24,Google Ads
1758,2024-06-04,Google Ads
1759,2024-11-08,Facebook Ads
1760,2024-12-26,Google Ads
1761,2024-05-15,Organic
1762,2023-04-27,Referral
1763,2024-01-21,Facebook Ads
1764,2023-12-10,Facebook Ads
1765,2024-08-06,Facebook Ads
1766,2024-01-30,Google Ads
1767,2023-03-05,Organic
1768,2024-12-17,Facebook Ads
1769,2024-12-21,Facebook Ads
1770,2023-03-13,Organic
1771,2023-10-01,Facebook Ads
1772,2023-11-16,Facebook Ads
1773,2023-12-04,Google Ads
1774,2024-01-01,Organic
1775,2024-05-09,Referral
1776,2024-08-29,Facebook Ads
1777,2023-06-15,Referral
1778,2024-06-27,Google Ads
1779,2023-01-11,Facebook Ads
1780,2023-10-28,Facebook Ads
1781,2024-12-29,Facebook Ads
1782,2023-04-12,Facebook Ads
1783,2024-02-29,Google Ads
1784,2024-01-27,Google Ads
1785,2023-08-02,Facebook Ads
1786,2024-11-21,Google Ads
1787,2023-03-29,Organic
1788,2024-07-06,Google Ads
1789,2024-02-05,Google Ads
1790,2024-08-10,Facebook Ads
1791,2023-02-15,Facebook Ads
1792,2024-11-02,Organic
1793,2024-04-07,Facebook Ads
1794,2024-08-14,Google Ads
1795,2023-11-06,Organic
1796,2023-03-27,Facebook Ads
1797,2023-04-02,Google Ads
1798,2024-10-21,Facebook Ads
1799,2024-11-03,Referral
1800,2024-12-14,Facebook Ads
1801,2023-08-30,Google Ads
1802,2023-01-02,Google Ads
1803,2023-08-13,Google Ads
1804,2024-08-11,Facebook Ads
1805,2023-04-26,Facebook Ads
1806,2024-10-27,Google Ads
1807,2023-04-13,Referral
1808,2023-07-13,Organic
1809,2023-06-15,Facebook Ads
1810,2023-03-31,Organic
1811,2024-11-16,Google Ads
1812,2023-05-02,Facebook Ads
1813,2023-05-23,Facebook Ads
1814,2023-04-16,Organic
1815,2024-03-03,Organic
1816,2023-11-01,Google Ads
1817,2023-11-13,Referral
1818,2024-09-26,Google Ads
1819,2023-01-09,Organic
1820,2023-03-14,Referral
1821,2023-12-25,Google Ads
1822,2023-08-11,Organic
1823,2024-02-20,Google Ads
1824,2024-07-06,Facebook Ads
1825,2024-01-05,Facebook Ads
1826,2024-12-16,Facebook Ads
1827,2023-09-21,Referral
1828,2024-11-20,Organic
1829,2023-11-14,Facebook Ads
1830,2023-03-25,Organic
1831,2023-11-14,Referral
1832,2023-04-21,Google Ads
1833,2023-09-08,Referral
1834,2024-01-18,Google Ads
1835,2023-01-07,Organic
1836,2024-04-03,Google Ads
1837,2023-03-25,Google Ads
1838,2023-07-27,Facebook Ads
1839,2024-01-25,Facebook Ads
1840,2023-11-10,Facebook Ads
1841,2023-01-22,Google Ads
1842,2024-02-14,Facebook Ads
1843,2024-05-29,Referral
1844,2023-05-07,Facebook Ads
1845,2024-11-30,Google Ads
1846,2023-01-14,Facebook Ads
1847,2023-01-12,Google Ads
1848,2023-03-28,Organic
1849,2024-06-07,Organic
1850,2024-06-20,Facebook Ads
1851,2023-10-28,Facebook Ads
1852,2023-08-31,Organic
1853,2023-05-02,Facebook Ads
1854,2023-05-27,Organic
1855,2024-07-20,Facebook Ads
1856,2023-12-22,Organic
1857,2024-11-15,Facebook Ads
1858,2024-09-22,Facebook Ads
1859,2023-11-05,Referral
1860,2024-11-25,Facebook Ads
1861,2023-10-15,Facebook Ads
1862,2023-11-03,Google Ads
1863,2024-08-16,Facebook Ads
1864,2024-12-23,Facebook Ads
1865,2024-10-23,Google Ads
1866,2024-07-02,Google Ads
1867,2023-12-18,Facebook Ads
1868,2023-11-08,Organic
1869,2023-02-28,Facebook Ads
1870,2024-10-04,Google Ads
1871,2024-12-14,Organic
1872,2023-02-04,Google Ads
1873,2024-03-20,Facebook Ads
1874,2023-04-03,Google Ads
1875,2023-07-26,Google Ads
1876,2023-12-19,Google Ads
1877,2023-11-28,Facebook Ads
1878,2024-12-25,Google Ads
1879,2023-06-08,Facebook Ads
1880,2023-01-24,Facebook Ads
1881,2024-02-08,Facebook Ads
1882,2024-05-30,Facebook Ads
1883,2023-12-30,Organic
1884,2024-01-17,Google Ads
1885,2024-06-15,Facebook Ads
1886,2023-06-01,Google Ads
1887,2024-07-15,Google Ads
1888,2024-11-19,Facebook Ads
1889,2024-08-30,Facebook Ads
1890,2024-09-08,Organic
1891,2024-02-24,Facebook Ads
1892,2023-09-07,Referral
1893,2023-04-27,Google Ads
1894,2024-05-26,Google Ads
1895,2024-07-31,Google Ads
1896,2023-12-01,Google Ads
1897,2024-02-22,Facebook Ads
1898,2023-10-22,Facebook Ads
1899,2024-01-06,Google Ads
1900,2023-07-05,Referral
1901,2023-09-03,Organic
1902,2024-09-28,Google Ads
1903,2023-09-25,Google Ads
1904,2024-10-04,Google Ads
1905,2023-08-25,Google Ads
1906,2024-06-13,Google Ads
1907,2024-07-05,Facebook Ads
1908,2023-01-21,Google Ads
1909,2024-06-03,Facebook Ads
1910,2023-04-10,Referral
1911,2024-04-22,Organic
1912,2024-08-21,Referral
1913,2023-10-25,Google Ads
1914,2024-06-09,Facebook Ads
1915,2023-11-30,Facebook Ads
1916,2023-01-02,Google Ads
1917,2024-01-10,Google Ads
1918,2023-10-20,Organic
1919,2024-07-06,Facebook Ads
1920,2023-11-14,Facebook Ads
1921,2024-05-16,Facebook Ads
1922,2024-01-16,Facebook Ads
1923,2024-09-14,Google Ads
1924,2023-01-14,Google Ads
1925,2024-05-18,Google Ads
1926,2023-08-19,Google Ads
1927,2023-03-25,Referral
1928,2023-05-10,Facebook Ads
1929,2023-05-25,Organic
1930,2023-01-28,Google Ads
1931,2023-03-07,Facebook Ads
1932,2023-06-12,Google Ads
1933,2023-08-17,Google Ads
1934,2023-09-18,Google Ads
1935,2024-03-24,Organic
1936,2024-02-28,Organic
1937,2024-04-04,Facebook Ads
1938,2024-11-06,Facebook Ads
1939,2023-10-28,Referral
1940,2023-10-30,Google Ads
1941,2023-10-14,Google Ads
1942,2024-01-30,Google Ads
1943,2023-01-10,Organic
1944,2024-12-07,Referral
1945,2024-09-21,Google Ads
1946,2023-09-27,Organic
1947,2024-08-14,Organic
1948,2024-08-27,Google Ads
1949,2023-12-27,Facebook Ads
1950,2023-09-14,Facebook Ads
1951,2023-05-13,Referral
1952,2023-10-03,Google Ads
1953,2024-11-13,Organic
1954,2024-05-27,Google Ads
1955,2023-11-09,Organic
1956,2024-07-29,Facebook Ads
1957,2023-10-11,Facebook Ads
1958,2023-05-01,Organic
1959,2023-04-17,Organic
1960,2024-11-17,Organic
1961,2023-07-23,Google Ads
1962,2023-06-14,Organic
1963,2023-11-01,Google Ads
1964,2024-05-11,Facebook Ads
1965,2024-09-23,Facebook Ads
1966,2024-07-09,Facebook Ads
1967,2023-06-05,Facebook Ads
1968,2024-01-02,Referral
1969,2024-12-19,Google Ads
1970,2024-09-11,Organic
1971,2023-09-08,Facebook Ads
1972,2023-11-30,Google Ads
1973,2024-10-03,Google Ads
1974,2024-05-25,Referral
1975,2023-10-20,Organic
1976,2023-01-20,Referral
1977,2023-10-09,Referral
1978,2023-01-01,Google Ads
1979,2023-04-29,Facebook Ads
1980,2023-02-04,Organic
1981,2023-07-17,Facebook Ads
1982,2024-04-29,Facebook Ads
1983,2023-02-28,Facebook Ads
1984,2023-06-10,Facebook Ads
1985,2024-11-21,Facebook Ads
1986,2023-07-25,Google Ads
1987,2023-01-12,Facebook Ads
1988,2024-05-04,Facebook Ads
1989,2023-10-03,Facebook Ads
1990,2024-11-23,Google Ads
1991,2023-08-30,Organic
1992,2023-08-04,Google Ads
1993,2023-09-08,Facebook Ads
1994,2023-05-06,Organic
1995,2023-08-05,Facebook Ads
1996,2023-11-02,Google Ads
1997,2023-07-04,Organic
1998,2023-02-08,Facebook Ads
1999,2023-08-11,Organic
2000,2023-07-03,Organic
2001,2024-05-09,Facebook Ads
2002,2024-03-02,Facebook Ads
2003,2023-06-27,Google Ads
2004,2024-03-03,Google Ads
2005,2023-10-21,Facebook Ads
2006,2023-05-31,Facebook Ads
2007,2024-01-19,Facebook Ads
2008,2024-09-29,Google Ads
2009,2023-11-04,Google Ads
2010,2023-12-02,Facebook Ads
2011,2024-01-10,Google Ads
2012,2023-01-08,Organic
2013,2023-12-07,Google Ads
2014,2023-05-09,Facebook Ads
2015,2024-10-30,Referral
2016,2023-12-18,Google Ads
2017,2023-12-24,Facebook Ads
2018,2024-05-31,Google Ads
2019,2024-05-09,Facebook Ads
2020,2023-03-27,Facebook Ads
2021,2023-06-24,Facebook Ads
2022,2023-07-12,Facebook Ads
2023,2023-11-07,Organic
2024,2023-04-29,Google Ads
2025,2023-08-06,Google Ads
2026,2024-03-02,Organic
2027,2024-02-18,Facebook Ads
2028,2023-04-24,Organic
2029,2023-05-25,Facebook Ads
2030,2024-06-21,Organic
2031,2024-10-09,Facebook Ads
2032,2023-10-30,Organic
2033,2024-08-10,Referral
2034,2023-12-11,Facebook Ads
2035,2023-01-01,Google Ads
2036,2023-05-27,Google Ads
2037,2023-10-14,Google Ads
2038,2024-10-15,Google Ads
2039,2023-02-22,Google Ads
2040,2023-10-31,Facebook Ads
2041,2023-03-10,Facebook Ads
2042,2023-12-27,Facebook Ads
2043,2024-08-24,Facebook Ads
2044,2023-08-08,Google Ads
2045,2024-12-04,Google Ads
2046,2024-07-28,Google Ads
2047,2024-08-07,Facebook Ads
2048,2023-06-10,Google Ads
2049,2024-11-11,Google Ads
2050,2023-03-30,Facebook Ads
2051,2024-11-18,Organic
2052,2024-08-07,Google Ads
2053,2024-08-11,Facebook Ads
2054,2023-06-08,Organic
2055,2024-05-03,Organic
2056,2023-11-20,Referral
2057,2024-09-01,Google Ads
2058,2024-01-16,Google Ads
2059,2023-04-12,Organic
2060,2024-05-08,Facebook Ads
2061,2024-10-05,Facebook Ads
2062,2024-09-05,Organic
2063,2023-01-19,Organic
2064,2024-03-29,Referral
2065,2024-04-26,Referral
2066,2024-08-16,Organic
2067,2024-02-01,Google Ads
2068,2023-10-06,Organic
2069,2023-12-31,Google Ads
2070,2023-11-27,Google Ads
2071,2024-10-02,Organic
2072,2023-12-10,Google Ads
2073,2024-03-30,Google Ads
2074,2024-08-23,Google Ads
2075,2024-12-25,Organic
2076,2024-10-16,Facebook Ads
2077,2023-03-06,Organic
2078,2023-03-17,Google Ads
2079,2024-12-11,Organic
2080,2023-05-23,Organic
2081,2024-08-27,Google Ads
2082,2024-04-17,Facebook Ads
2083,2024-02-21,Google Ads
2084,2023-11-01,Referral
2085,2024-05-11,Facebook Ads
2086,2023-10-18,Referral
2087,2023-04-12,Google Ads
2088,2023-09-24,Organic
2089,2024-09-13,Organic
2090,2023-01-03,Organic
2091,2023-03-26,Referral
2092,2023-11-24,Facebook Ads
2093,2024-03-25,Google Ads
2094,2024-03-29,Organic
2095,2024-09-20,Organic
2096,2023-08-09,Facebook Ads
2097,2023-06-03,Google Ads
2098,2024-10-26,Facebook Ads
2099,2023-01-12,Google Ads
2100,2023-05-13,Facebook Ads
2101,2023-10-31,Facebook Ads
2102,2023-10-20,Organic
2103,2023-10-27,Google Ads
2104,2023-02-12,Facebook Ads
2105,2023-12-09,Google Ads
2106,2023-11-22,Google Ads
2107,2024-05-12,Organic
2108,2023-12-30,Referral
2109,2024-03-02,Facebook Ads
2110,2023-01-21,Organic
2111,2024-02-11,Organic
2112,2024-09-10,Organic
2113,2023-12-02,Google Ads
2114,2023-04-27,Referral
2115,2023-05-04,Facebook Ads
2116,2024-02-03,Google Ads
2117,2024-12-15,Google Ads
2118,2023-02-20,Facebook Ads
2119,2023-11-20,Google Ads
2120,2023-05-21,Google Ads
2121,2024-04-14,Google Ads
2122,2023-11-30,Organic
2123,2024-01-08,Organic
2124,2024-07-17,Google Ads
2125,2024-05-08,Organic
2126,2024-06-22,Organic
2127,2024-10-30,Organic
2128,2023-06-05,Google Ads
2129,2023-10-18,Organic
2130,2024-10-09,Referral
2131,2023-05-24,Organic
2132,2023-04-16,Google Ads
2133,2024-02-24,Facebook Ads
2134,2024-10-31,Facebook Ads
2135,2024-10-19,Facebook Ads
2136,2023-01-02,Google Ads
2137,2024-08-11,Google Ads
2138,2024-10-05,Organic
2139,2023-03-31,Organic
2140,2023-12-11,Google Ads
2141,2023-12-16,Referral
2142,2024-04-03,Google Ads
2143,2023-09-20,Organic
2144,2023-12-17,Organic
2145,2023-04-18,Organic
2146,2024-08-08,Referral
2147,2023-02-08,Google Ads
2148,2023-06-08,Organic
2149,2024-08-05,Google Ads
2150,2023-11-08,Organic
2151,2023-08-29,Organic
2152,2024-03-20,Organic
2153,2023-10-25,Google Ads
2154,2023-02-05,Organic
2155,2023-03-25,Google Ads
2156,2024-03-27,Google Ads
2157,2024-01-20,Organic
2158,2023-06-21,Facebook Ads
2159,2024-01-11,Organic
2160,2024-11-15,Facebook Ads
2161,2023-12-28,Google Ads
2162,2024-07-12,Organic
2163,2023-05-21,Facebook Ads
2164,2023-04-28,Google Ads
2165,2023-10-04,Organic
2166,2024-12-26,Facebook Ads
2167,2023-08-08,Facebook Ads
2168,2023-01-26,Facebook Ads
2169,2024-06-04,Organic
2170,2023-01-10,Organic
2171,2024-01-13,Organic
2172,2024-09-24,Google Ads
2173,2024-09-28,Organic
2174,2024-11-12,Organic
2175,2024-08-06,Organic
2176,2023-06-01,Facebook Ads
2177,2024-12-20,Organic
2178,2023-02-18,Organic
2179,2023-06-03,Google Ads
2180,2023-10-20,Facebook Ads
2181,2024-08-02,Organic
2182,2023-02-19,Google Ads
2183,2024-10-25,Referral
2184,2024-06-14,Organic
2185,2024-09-03,Facebook Ads
2186,2023-03-01,Google Ads
2187,2023-06-16,Google Ads
2188,2023-07-21,Referral
2189,2023-05-26,Google Ads
2190,2024-11-06,Organic
2191,2024-03-14,Facebook Ads
2192,2023-08-30,Google Ads
2193,2024-08-03,Google Ads
2194,2024-11-17,Facebook Ads
2195,2024-07-14,Referral
2196,2024-04-27,Facebook Ads
2197,2023-04-18,Facebook Ads
2198,2023-08-14,Google Ads
2199,2024-11-03,Facebook Ads
2200,2024-09-22,Facebook Ads
2201,2024-10-22,Organic
2202,2024-10-23,Facebook Ads
2203,2024-03-07,Facebook Ads
2204,2024-10-16,Google Ads
2205,2024-02-23,Referral
2206,2024-03-30,Google Ads
2207,2023-06-09,Google Ads
2208,2024-06-06,Organic
2209,2024-10-11,Facebook Ads
2210,2024-08-12,Facebook Ads
2211,2023-03-18,Facebook Ads
2212,2024-05-23,Organic
2213,2024-03-16,Google Ads
2214,2023-09-11,Organic
2215,2023-11-16,Facebook Ads
2216,2023-09-20,Facebook Ads
2217,2024-08-19,Facebook Ads
2218,2024-10-19,Google Ads
2219,2024-07-07,Organic
2220,2024-01-09,Facebook Ads
2221,2024-09-28,Google Ads
2222,2023-06-16,Facebook Ads
2223,2024-04-03,Referral
2224,2023-10-07,Facebook Ads
2225,2024-11-30,Referral
2226,2023-10-29,Google Ads
2227,2024-06-14,Google Ads
2228,2024-08-02,Google Ads
2229,2023-08-06,Facebook Ads
2230,2023-04-12,Google Ads
2231,2024-07-07,Google Ads
2232,2023-10-15,Referral
2233,2023-06-16,Organic
2234,2024-09-12,Organic
2235,2023-02-05,Google Ads
2236,2023-12-19,Google Ads
2237,2024-11-06,Google Ads
2238,2023-03-14,Organic
2239,2024-10-09,Referral
2240,2023-12-19,Facebook Ads
2241,2023-03-11,Google Ads
2242,2024-02-29,Facebook Ads
2243,2024-12-08,Google Ads
2244,2024-07-14,Facebook Ads
2245,2024-10-03,Facebook Ads
2246,2024-05-31,Organic
2247,2024-03-03,Google Ads
2248,2024-06-22,Google Ads
2249,2023-06-09,Referral
2250,2023-05-29,Google Ads
2251,2023-08-18,Google Ads
2252,2024-12-12,Google Ads
2253,2024-07-15,Google Ads
2254,2023-03-08,Facebook Ads
2255,2024-01-16,Organic
2256,2023-02-27,Google Ads
2257,2023-09-16,Facebook Ads
2258,2023-12-08,Organic
2259,2023-05-10,Facebook Ads
2260,2024-12-27,Organic
2261,2023-06-21,Organic
2262,2024-09-05,Google Ads
2263,2023-07-28,Organic
2264,2023-12-20,Facebook Ads
2265,2024-04-15,Referral
2266,2023-04-26,Facebook Ads
2267,2023-09-21,Referral
2268,2024-10-23,Organic
2269,2024-03-17,Google Ads
2270,2024-07-01,Facebook Ads
2271,2024-03-28,Referral
2272,2024-04-21,Organic
2273,2023-10-14,Google Ads
2274,2023-10-30,Organic
2275,2023-11-07,Google Ads
2276,2023-07-27,Google Ads
2277,2024-09-09,Facebook Ads
2278,2024-03-21,Google Ads
2279,2024-10-31,Organic
2280,2024-09-24,Google Ads
2281,2023-02-24,Organic
2282,2023-01-12,Google Ads
2283,2024-10-18,Google Ads
2284,2024-02-04,Google Ads
2285,2024-10-09,Google Ads
2286,2024-05-29,Google Ads
2287,2024-10-17,Google Ads
2288,2024-06-25,Facebook Ads
2289,2023-08-25,Google Ads
2290,2023-10-06,Facebook Ads
2291,2023-12-14,Facebook Ads
2292,2024-09-18,Organic
2293,2023-04-14,Referral
2294,2024-09-21,Facebook Ads
2295,2024-05-31,Google Ads
2296,2023-09-05,Google Ads
2297,2023-12-30,Referral
2298,2023-11-17,Google Ads
2299,2024-09-24,Google Ads
2300,2023-10-13,Google Ads
2301,2023-05-29,Google Ads
2302,2023-03-25,Google Ads
2303,2024-02-10,Organic
2304,2024-03-31,Google Ads
2305,2023-06-10,Facebook Ads
2306,2024-04-04,Google Ads
2307,2024-07-03,Google Ads
2308,2024-05-14,Referral
2309,2024-05-23,Google Ads
2310,2024-10-15,Organic
2311,2024-04-25,Facebook Ads
2312,2024-10-24,Google Ads
2313,2023-04-24,Referral
2314,2024-07-31,Google Ads
2315,2023-12-27,Organic
2316,2023-12-07,Google Ads
2317,2024-03-24,Organic
2318,2023-06-29,Google Ads
2319,2024-12-02,Facebook Ads
2320,2024-02-11,Organic
2321,2024-10-27,Referral
2322,2023-07-15,Referral
2323,2024-04-10,Organic
2324,2023-11-07,Organic
2325,2023-09-19,Google Ads
2326,2024-02-23,Google Ads
2327,2024-02-10,Google Ads
2328,2023-05-23,Facebook Ads
2329,2023-12-08,Facebook Ads
2330,2023-11-12,Facebook Ads
2331,2023-04-11,Google Ads
2332,2023-09-01,Organic
2333,2024-05-04,Google Ads
2334,2023-01-12,Google Ads
2335,2023-08-27,Facebook Ads
2336,2024-07-14,Organic
2337,2023-02-11,Organic
2338,2024-11-08,Facebook Ads
2339,2024-08-16,Google Ads
2340,2024-03-04,Facebook Ads
2341,2023-06-07,Google Ads
2342,2023-08-04,Facebook Ads
2343,2024-10-31,Facebook Ads
2344,2024-04-06,Google Ads
2345,2023-05-14,Google Ads
2346,2023-03-08,Referral
2347,2023-01-07,Referral
2348,2024-06-09,Facebook Ads
2349,2023-03-14,Google Ads
2350,2024-02-03,Google Ads
2351,2024-02-09,Facebook Ads
2352,2024-11-05,Referral
2353,2024-07-31,Google Ads
2354,2023-05-10,Organic
2355,2024-04-10,Google Ads
2356,2023-07-25,Referral
2357,2023-09-23,Facebook Ads
2358,2024-06-20,Organic
2359,2023-09-10,Google Ads
2360,2023-10-16,Facebook Ads
2361,2023-06-13,Google Ads
2362,2023-04-05,Google Ads
2363,2023-04-20,Referral
2364,2023-12-02,Referral
2365,2023-08-26,Organic
2366,2024-01-16,Facebook Ads
2367,2024-03-11,Organic
2368,2024-04-27,Google Ads
2369,2023-01-25,Google Ads
2370,2024-10-14,Google Ads
2371,2023-04-27,Facebook Ads
2372,2024-04-26,Facebook Ads
2373,2024-01-27,Google Ads
2374,2024-06-20,Facebook Ads
2375,2023-03-20,Organic
2376,2024-08-02,Facebook Ads
2377,2023-06-22,Google Ads
2378,2023-01-12,Google Ads
2379,2023-05-08,Google Ads
2380,2024-08-30,Google Ads
2381,2023-04-02,Facebook Ads
2382,2024-10-14,Facebook Ads
2383,2024-06-26,Organic
2384,2024-06-15,Facebook Ads
2385,2024-10-19,Organic
2386,2024-03-22,Google Ads
2387,2024-01-25,Facebook Ads
2388,2024-11-02,Organic
2389,2023-02-12,Google Ads
2390,2023-09-11,Google Ads
2391,2023-05-10,Organic
2392,2023-03-01,Google Ads
2393,2024-10-24,Organic
2394,2024-04-11,Google Ads
2395,2023-10-14,Organic
2396,2024-05-31,Google Ads
2397,2024-04-11,Google Ads
2398,2023-12-11,Facebook Ads
2399,2024-10-03,Google Ads
2400,2024-01-17,Facebook Ads
2401,2024-11-20,Google Ads
2402,2023-09-10,Google Ads
2403,2023-02-25,Google Ads
2404,2024-04-07,Google Ads
2405,2024-04-01,Referral
2406,2023-03-24,Google Ads
2407,2023-04-09,Facebook Ads
2408,2023-05-29,Google Ads
2409,2023-11-25,Google Ads
2410,2023-06-05,Referral
2411,2023-07-09,Google Ads
2412,2024-05-08,Referral
2413,2023-09-20,Google Ads
2414,2023-03-21,Organic
2415,2024-02-04,Facebook Ads
2416,2024-08-31,Organic
2417,2023-09-17,Facebook Ads
2418,2024-09-06,Facebook Ads
2419,2024-07-05,Google Ads
2420,2023-04-11,Google Ads
2421,2023-12-25,Referral
2422,2024-01-15,Google Ads
2423,2023-08-09,Facebook Ads
2424,2024-02-24,Organic
2425,2023-05-04,Google Ads
2426,2024-02-26,Referral
2427,2023-08-19,Organic
2428,2024-11-20,Facebook Ads
2429,2023-03-04,Organic
2430,2024-04-29,Google Ads
2431,2024-09-19,Google Ads
2432,2024-12-03,Facebook Ads
2433,2024-07-27,Google Ads
2434,2024-04-27,Organic
2435,2024-06-02,Referral
2436,2023-06-04,Facebook Ads
2437,2023-04-02,Google Ads
2438,2024-06-09,Referral
2439,2024-03-30,Facebook Ads
2440,2024-08-20,Facebook Ads
2441,2024-10-06,Facebook Ads
2442,2024-05-24,Referral
2443,2023-07-02,Facebook Ads
2444,2024-01-21,Organic
2445,2024-07-27,Organic
2446,2024-12-31,Google Ads
2447,2024-02-09,Facebook Ads
2448,2023-09-03,Organic
2449,2024-08-13,Facebook Ads
2450,2024-10-22,Organic
2451,2024-10-11,Referral
2452,2024-04-15,Facebook Ads
2453,2024-02-27,Organic
2454,2023-03-06,Organic
2455,2023-01-13,Organic
2456,2023-08-01,Facebook Ads
2457,2023-08-30,Google Ads
2458,2024-05-07,Facebook Ads
2459,2023-08-01,Organic
2460,2024-11-23,Facebook Ads
2461,2023-12-04,Organic
2462,2023-06-22,Facebook Ads
2463,2024-11-02,Facebook Ads
2464,2023-06-13,Google Ads
2465,2024-04-09,Organic
2466,2024-05-11,Facebook Ads
2467,2024-11-30,Google Ads
2468,2024-01-30,Google Ads
2469,2024-12-03,Organic
2470,2023-11-04,Facebook Ads
2471,2023-07-02,Google Ads
2472,2024-09-20,Referral
2473,2024-05-24,Organic
2474,2024-12-08,Referral
2475,2024-06-29,Facebook Ads
2476,2024-07-17,Facebook Ads
2477,2024-09-15,Organic
2478,2024-08-16,Facebook Ads
2479,2023-08-15,Organic
2480,2024-03-11,Google Ads
2481,2024-02-26,Facebook Ads
2482,2024-07-07,Google Ads
2483,2023-01-21,Google Ads
2484,2024-07-07,Google Ads
2485,2024-02-01,Google Ads
2486,2024-09-16,Referral
2487,2023-04-15,Google Ads
2488,2023-07-11,Organic
2489,2023-01-17,Organic
2490,2023-04-30,Facebook Ads
2491,2024-01-28,Google Ads
2492,2024-02-29,Organic
2493,2023-05-09,Facebook Ads
2494,2023-05-10,Organic
2495,2024-07-25,Organic
2496,2024-07-13,Referral
2497,2023-01-29,Facebook Ads
2498,2023-04-07,Google Ads
2499,2023-01-10,Facebook Ads
2500,2023-08-30,Google Ads
2501,2023-08-20,Organic
2502,2023-10-11,Google Ads
2503,2024-12-15,Google Ads
2504,2024-12-26,Organic
2505,2023-07-19,Facebook Ads
2506,2023-03-20,Facebook Ads
2507,2023-06-22,Facebook Ads
2508,2024-04-11,Organic
2509,2024-08-03,Google Ads
2510,2024-02-20,Organic
2511,2024-03-24,Google Ads
2512,2023-03-28,Organic
2513,2023-04-11,Organic
2514,2023-01-08,Google Ads
2515,2023-07-19,Facebook Ads
2516,2024-05-19,Google Ads
2517,2023-03-28,Organic
2518,2023-02-12,Facebook Ads
2519,2024-01-20,Facebook Ads
2520,2024-09-12,Google Ads
2521,2024-03-10,Google Ads
2522,2024-02-12,Google Ads
2523,2024-04-27,Google Ads
2524,2024-10-25,Facebook Ads
2525,2023-01-17,Organic
2526,2024-10-06,Organic
2527,2023-05-28,Facebook Ads
2528,2023-10-04,Referral
2529,2023-08-20,Organic
2530,2024-01-01,Referral
2531,2023-08-16,Facebook Ads
2532,2024-10-12,Google Ads
2533,2024-03-11,Google Ads
2534,2024-02-03,Organic
2535,2023-07-30,Google Ads
2536,2024-01-26,Google Ads
2537,2024-05-13,Facebook Ads
2538,2024-06-23,Facebook Ads
2539,2024-07-16,Facebook Ads
2540,2024-05-05,Google Ads
2541,2024-03-17,Facebook Ads
2542,2023-09-18,Facebook Ads
2543,2023-12-16,Referral
2544,2023-12-18,Organic
2545,2024-06-03,Referral
2546,2023-11-16,Organic
2547,2023-05-18,Facebook Ads
2548,2024-07-03,Google Ads
2549,2024-09-14,Organic
2550,2024-01-03,Facebook Ads
2551,2023-08-08,Facebook Ads
2552,2023-12-03,Facebook Ads
2553,2023-08-11,Facebook Ads
2554,2024-10-09,Google Ads
2555,2023-12-26,Facebook Ads
2556,2023-11-25,Google Ads
2557,2024-04-07,Organic
2558,2024-07-14,Google Ads
2559,2024-01-17,Google Ads
2560,2024-08-12,Facebook Ads
2561,2024-09-08,Organic
2562,2023-06-18,Facebook Ads
2563,2023-08-05,Google Ads
2564,2024-01-13,Facebook Ads
2565,2023-04-29,Google Ads
2566,2023-07-09,Referral
2567,2024-01-05,Referral
2568,2023-05-29,Facebook Ads
2569,2024-11-06,Google Ads
2570,2024-10-13,Organic
2571,2024-05-02,Google Ads
2572,2024-01-09,Facebook Ads
2573,2024-11-23,Google Ads
2574,2023-06-09,Referral
2575,2023-12-17,Google Ads
2576,2023-10-15,Facebook Ads
2577,2023-10-15,Organic
2578,2023-08-14,Facebook Ads
2579,2024-06-06,Google Ads
2580,2024-06-05,Referral
2581,2023-09-30,Facebook Ads
2582,2024-02-06,Facebook Ads
2583,2023-07-02,Google Ads
2584,2024-10-26,Facebook Ads
2585,2024-05-02,Facebook Ads
2586,2023-05-04,Google Ads
2587,2024-09-17,Google Ads
2588,2024-02-18,Organic
2589,2024-12-25,Google Ads
2590,2023-06-21,Google Ads
2591,2023-10-15,Facebook Ads
2592,2024-03-10,Organic
2593,2024-11-16,Google Ads
2594,2023-04-23,Facebook Ads
2595,2023-05-02,Google Ads
2596,2024-06-27,Google Ads
2597,2023-08-10,Google Ads
2598,2024-09-22,Organic
2599,2023-02-08,Google Ads
2600,2024-05-11,Google Ads
2601,2023-08-21,Facebook Ads
2602,2024-06-13,Organic
2603,2023-05-29,Google Ads
2604,2024-02-01,Facebook Ads
2605,2024-10-22,Google Ads
2606,2024-09-29,Facebook Ads
2607,2023-10-29,Facebook Ads
2608,2023-12-26,Facebook Ads
2609,2023-08-26,Google Ads
2610,2024-10-08,Google Ads
2611,2024-10-24,Google Ads
2612,2023-08-24,Facebook Ads
2613,2023-07-22,Google Ads
2614,2023-09-13,Organic
2615,2024-08-20,Referral
2616,2024-10-23,Referral
2617,2023-08-23,Organic
2618,2023-12-11,Facebook Ads
2619,2024-06-17,Organic
2620,2024-04-10,Google Ads
2621,2024-06-24,Facebook Ads
2622,2023-08-01,Facebook Ads
2623,2024-04-07,Facebook Ads
2624,2024-03-11,Organic
2625,2023-10-10,Google Ads
2626,2024-07-15,Google Ads
2627,2024-08-29,Referral
2628,2024-04-07,Google Ads
2629,2024-02-11,Facebook Ads
2630,2023-03-29,Referral
2631,2023-02-13,Facebook Ads
2632,2024-04-05,Facebook Ads
2633,2023-10-05,Google Ads
2634,2024-11-13,Google Ads
2635,2024-02-25,Organic
2636,2024-12-01,Facebook Ads
2637,2023-12-19,Facebook Ads
2638,2024-11-26,Google Ads
2639,2024-05-29,Google Ads
2640,2024-12-03,Referral
2641,2024-09-21,Facebook Ads
2642,2023-01-19,Facebook Ads
2643,2023-01-23,Google Ads
2644,2024-02-17,Organic
2645,2023-01-30,Referral
2646,2023-04-18,Facebook Ads
2647,2024-01-02,Google Ads
2648,2023-10-08,Facebook Ads
2649,2023-05-08,Organic
2650,2023-08-17,Facebook Ads
2651,2023-04-21,Organic
2652,2023-05-16,Facebook Ads
2653,2023-12-28,Organic
2654,2023-07-05,Facebook Ads
2655,2024-10-17,Google Ads
2656,2024-08-06,Google Ads
2657,2023-05-09,Google Ads
2658,2023-09-18,Referral
2659,2024-05-29,Organic
2660,2024-03-24,Organic
2661,2023-04-14,Google Ads
2662,2024-04-27,Google Ads
2663,2023-08-12,Organic
2664,2024-05-05,Facebook Ads
2665,2024-04-17,Google Ads
2666,2023-01-10,Facebook Ads
2667,2024-02-09,Google Ads
2668,2023-10-29,Google Ads
2669,2023-08-19,Facebook Ads
2670,2024-12-31,Google Ads
2671,2023-03-07,Referral
2672,2023-04-22,Google Ads
2673,2023-01-13,Google Ads
2674,2024-01-28,Google Ads
2675,2024-05-14,Organic
2676,2024-08-20,Facebook Ads
2677,2023-08-22,Facebook Ads
2678,2024-08-24,Google Ads
2679,2023-11-10,Google Ads
2680,2024-07-19,Facebook Ads
2681,2023-01-12,Organic
2682,2023-07-28,Organic
2683,2023-01-14,Google Ads
2684,2024-09-24,Facebook Ads
2685,2024-02-22,Referral
2686,2024-03-12,Facebook Ads
2687,2024-01-12,Organic
2688,2023-01-20,Google Ads
2689,2024-08-09,Referral
2690,2023-03-11,Organic
2691,2023-07-30,Referral
2692,2023-04-11,Organic
2693,2024-11-28,Facebook Ads
2694,2023-05-12,Referral
2695,2024-09-14,Google Ads
2696,2024-01-16,Google Ads
2697,2023-05-12,Organic
2698,2023-01-20,Organic
2699,2024-06-19,Referral
2700,2023-08-15,Google Ads
2701,2023-06-03,Organic
2702,2024-04-13,Organic
2703,2024-02-09,Google Ads
2704,2023-07-21,Facebook Ads
2705,2023-02-07,Google Ads
2706,2023-07-07,Google Ads
2707,2023-02-26,Referral
2708,2023-01-20,Facebook Ads
2709,2023-09-30,Organic
2710,2023-04-29,Referral
2711,2024-08-05,Facebook Ads
2712,2024-05-30,Organic
2713,2023-08-09,Facebook Ads
2714,2024-06-09,Organic
2715,2024-05-29,Google Ads
2716,2024-12-28,Referral
2717,2023-12-02,Google Ads
2718,2024-11-28,Google Ads
2719,2023-02-24,Organic
2720,2024-05-14,Facebook Ads
2721,2024-06-19,Facebook Ads
2722,2023-06-11,Facebook Ads
2723,2024-10-31,Organic
2724,2024-08-16,Google Ads
2725,2023-06-08,Google Ads
2726,2023-07-07,Google Ads
2727,2023-03-01,Facebook Ads
2728,2023-11-15,Google Ads
2729,2023-07-30,Facebook Ads
2730,2024-02-10,Facebook Ads
2731,2024-10-25,Google Ads
2732,2023-04-19,Facebook Ads
2733,2023-03-17,Organic
2734,2024-06-25,Google Ads
2735,2023-11-10,Facebook Ads
2736,2023-04-27,Organic
2737,2024-12-04,Facebook Ads
2738,2023-01-19,Organic
2739,2024-03-07,Facebook Ads
2740,2024-11-15,Facebook Ads
2741,2023-12-16,Google Ads
2742,2023-07-02,Organic
2743,2023-04-23,Organic
2744,2023-07-02,Google Ads
2745,2024-04-25,Facebook Ads
2746,2023-05-26,Referral
2747,2024-09-19,Facebook Ads
2748,2023-04-23,Facebook Ads
2749,2024-04-20,Referral
2750,2023-10-30,Organic
2751,2023-04-28,Facebook Ads
2752,2023-06-10,Organic
2753,2024-02-05,Organic
2754,2023-07-17,Facebook Ads
2755,2023-09-17,Facebook Ads
2756,2024-10-21,Facebook Ads
2757,2023-02-16,Referral
2758,2024-02-03,Organic
2759,2024-12-10,Google Ads
2760,2024-07-12,Organic
2761,2023-03-19,Facebook Ads
2762,2023-05-04,Google Ads
2763,2023-03-16,Facebook Ads
2764,2023-05-17,Facebook Ads
2765,2024-08-24,Organic
2766,2024-02-04,Google Ads
2767,2024-05-19,Organic
2768,2024-05-14,Facebook Ads
2769,2024-07-26,Google Ads
2770,2023-05-18,Referral
2771,2023-02-19,Facebook Ads
2772,2024-09-10,Google Ads
2773,2024-09-16,Facebook Ads
2774,2023-09-11,Organic
2775,2024-09-21,Google Ads
2776,2024-12-10,Google Ads
2777,2024-07-16,Google Ads
2778,2024-03-01,Google Ads
2779,2024-06-30,Organic
2780,2023-10-29,Facebook Ads
2781,2024-08-03,Google Ads
2782,2023-12-15,Google Ads
2783,2023-02-18,Google Ads
2784,2023-03-15,Referral
2785,2024-12-04,Google Ads
2786,2023-09-18,Referral
2787,2023-12-22,Facebook Ads
2788,2024-08-04,Google Ads
2789,2024-08-24,Organic
2790,2023-09-17,Facebook Ads
2791,2024-09-29,Organic
2792,2023-10-22,Referral
2793,2024-10-02,Google Ads
2794,2023-11-09,Google Ads
2795,2024-09-03,Organic
2796,2023-07-01,Google Ads
2797,2024-11-16,Google Ads
2798,2023-12-30,Google Ads
2799,2023-07-07,Google Ads
2800,2024-07-22,Organic
2801,2024-06-26,Google Ads
2802,2024-08-18,Facebook Ads
2803,2024-10-25,Facebook Ads
2804,2024-07-01,Facebook Ads
2805,2024-12-25,Google Ads
2806,2024-02-12,Organic
2807,2024-09-09,Google Ads
2808,2024-02-18,Organic
2809,2023-12-08,Organic
2810,2023-08-08,Facebook Ads
2811,2023-06-12,Facebook Ads
2812,2023-08-08,Facebook Ads
2813,2023-09-27,Facebook Ads
2814,2024-09-23,Organic
2815,2024-02-04,Organic
2816,2023-07-01,Google Ads
2817,2024-09-09,Facebook Ads
2818,2024-12-29,Referral
2819,2023-07-24,Referral
2820,2024-08-04,Facebook Ads
2821,2024-07-09,Facebook Ads
2822,2023-08-16,Google Ads
2823,2024-11-26,Referral
2824,2024-09-10,Google Ads
2825,2024-08-18,Facebook Ads
2826,2023-09-07,Google Ads
2827,2024-03-16,Google Ads
2828,2024-06-16,Facebook Ads
2829,2023-07-15,Referral
2830,2024-11-20,Google Ads
2831,2024-06-02,Facebook Ads
2832,2023-03-11,Google Ads
2833,2024-09-30,Google Ads
2834,2024-02-03,Facebook Ads
2835,2024-11-02,Facebook Ads
2836,2023-07-22,Google Ads
2837,2023-05-28,Google Ads
2838,2024-04-16,Google Ads
2839,2024-10-16,Google Ads
2840,2023-07-18,Referral
2841,2024-03-01,Referral
2842,2024-10-27,Google Ads
2843,2024-05-06,Facebook Ads
2844,2023-05-22,Referral
2845,2023-11-09,Google Ads
2846,2023-06-14,Organic
2847,2023-11-10,Referral
2848,2023-01-21,Google Ads
2849,2023-03-23,Google Ads
2850,2024-08-03,Referral
2851,2023-05-11,Facebook Ads
2852,2024-08-21,Google Ads
2853,2024-12-30,Google Ads
2854,2023-11-01,Facebook Ads
2855,2024-01-06,Organic
2856,2024-01-19,Organic
2857,2024-03-20,Referral
2858,2024-02-29,Google Ads
2859,2023-06-10,Facebook Ads
2860,2023-06-27,Facebook Ads
2861,2024-09-20,Facebook Ads
2862,2024-12-08,Google Ads
2863,2024-05-04,Referral
2864,2023-11-23,Organic
2865,2024-08-20,Facebook Ads
2866,2023-10-16,Facebook Ads
2867,2024-08-15,Google Ads
2868,2024-10-25,Facebook Ads
2869,2024-07-26,Organic
2870,2024-07-26,Facebook Ads
2871,2023-12-20,Referral
2872,2023-01-28,Facebook Ads
2873,2023-02-12,Facebook Ads
2874,2024-11-11,Organic
2875,2024-02-27,Google Ads
2876,2024-08-20,Facebook Ads
2877,2023-06-26,Google Ads
2878,2024-06-12,Facebook Ads
2879,2024-09-01,Organic
2880,2024-05-08,Facebook Ads
2881,2023-07-17,Organic
2882,2024-09-01,Facebook Ads
2883,2024-07-30,Google Ads
2884,2024-05-31,Organic
2885,2024-05-28,Google Ads
2886,2023-01-22,Google Ads
2887,2023-04-22,Facebook Ads
2888,2023-02-26,Google Ads
2889,2023-03-07,Google Ads
2890,2023-04-08,Facebook Ads
2891,2023-05-24,Facebook Ads
2892,2024-03-10,Facebook Ads
2893,2024-09-28,Referral
2894,2024-11-09,Facebook Ads
2895,2023-03-27,Organic
2896,2024-08-10,Google Ads
2897,2023-12-10,Facebook Ads
2898,2023-10-21,Organic
2899,2024-07-24,Facebook Ads
2900,2024-10-11,Organic
2901,2024-09-02,Facebook Ads
2902,2024-12-04,Google Ads
2903,2023-08-31,Facebook Ads
2904,2024-07-14,Facebook Ads
2905,2023-02-01,Organic
2906,2024-01-26,Google Ads
2907,2023-10-04,Referral
2908,2024-06-15,Referral
2909,2023-06-03,Google Ads
2910,2024-01-18,Google Ads
2911,2023-03-09,Organic
2912,2023-08-02,Referral
2913,2024-10-16,Facebook Ads
2914,2024-01-11,Google Ads
2915,2023-08-01,Facebook Ads
2916,2023-03-20,Organic
2917,2024-12-26,Google Ads
2918,2024-09-19,Organic
2919,2024-08-26,Google Ads
2920,2024-01-16,Google Ads
2921,2024-11-10,Facebook Ads
2922,2023-02-27,Facebook Ads
2923,2023-01-26,Google Ads
2924,2024-03-22,Facebook Ads
2925,2023-03-07,Google Ads
2926,2023-09-11,Google Ads
2927,2023-02-13,Google Ads
2928,2023-04-07,Referral
2929,2024-07-07,Facebook Ads
2930,2023-08-15,Facebook Ads
2931,2024-11-09,Facebook Ads
2932,2024-03-11,Referral
2933,2024-08-23,Google Ads
2934,2024-01-14,Organic
2935,2023-06-27,Organic
2936,2024-03-02,Facebook Ads
2937,2024-12-09,Google Ads
2938,2023-11-03,Organic
2939,2024-05-18,Google Ads
2940,2023-09-25,Facebook Ads
2941,2024-08-08,Organic
2942,2023-01-08,Google Ads
2943,2024-05-22,Organic
2944,2024-04-20,Google Ads
2945,2023-10-24,Organic
2946,2023-06-13,Facebook Ads
2947,2024-04-29,Google Ads
2948,2024-08-19,Google Ads
2949,2023-03-13,Referral
2950,2024-07-20,Google Ads
2951,2024-07-12,Google Ads
2952,2023-08-26,Google Ads
2953,2023-04-14,Facebook Ads
2954,2023-07-29,Facebook Ads
2955,2024-07-07,Google Ads
2956,2024-04-12,Google Ads
2957,2024-03-29,Google Ads
2958,2023-09-25,Google Ads
2959,2024-01-21,Facebook Ads
2960,2024-01-22,Organic
2961,2023-09-16,Google Ads
2962,2023-10-10,Facebook Ads
2963,2024-09-17,Facebook Ads
2964,2023-02-09,Referral
2965,2024-04-30,Referral
2966,2023-08-08,Organic
2967,2023-05-09,Google Ads
2968,2024-06-03,Google Ads
2969,2024-09-04,Google Ads
2970,2024-11-18,Google Ads
2971,2024-09-10,Facebook Ads
2972,2024-09-04,Organic
2973,2023-09-17,Organic
2974,2024-01-01,Organic
2975,2024-06-27,Facebook Ads
2976,2024-10-10,Organic
2977,2024-06-07,Google Ads
2978,2023-01-16,Google Ads
2979,2023-05-09,Organic
2980,2024-07-28,Google Ads
2981,2023-04-19,Facebook Ads
2982,2024-06-16,Google Ads
2983,2024-10-31,Organic
2984,2023-09-26,Organic
2985,2023-06-11,Google Ads
2986,2023-09-17,Organic
2987,2023-04-12,Google Ads
2988,2024-05-20,Facebook Ads
2989,2024-07-24,Organic
2990,2023-09-04,Organic
2991,2024-10-01,Referral
2992,2024-06-20,Google Ads
2993,2023-05-11,Organic
2994,2023-12-19,Facebook Ads
2995,2023-07-15,Referral
2996,2024-10-27,Google Ads
2997,2024-01-17,Organic
2998,2024-10-06,Facebook Ads
2999,2023-08-15,Google Ads
3000,2024-12-01,Facebook Ads
3001,2024-04-20,Google Ads
3002,2024-04-21,Facebook Ads
3003,2023-09-22,Organic
3004,2024-01-07,Facebook Ads
3005,2024-04-30,Facebook Ads
3006,2024-03-09,Facebook Ads
3007,2024-10-07,Google Ads
3008,2023-07-30,Google Ads
3009,2024-07-25,Facebook Ads
3010,2024-01-12,Google Ads
3011,2024-01-30,Google Ads
3012,2024-03-25,Facebook Ads
3013,2023-12-30,Google Ads
3014,2024-04-01,Google Ads
3015,2024-12-25,Facebook Ads
3016,2024-12-28,Google Ads
3017,2023-08-14,Referral
3018,2023-05-11,Organic
3019,2024-08-10,Organic
3020,2024-04-20,Google Ads
3021,2023-10-04,Organic
3022,2023-06-05,Organic
3023,2023-08-06,Organic
3024,2023-07-09,Google Ads
3025,2024-02-21,Facebook Ads
3026,2024-11-05,Organic
3027,2024-11-22,Facebook Ads
3028,2024-06-29,Facebook Ads
3029,2023-02-10,Facebook Ads
3030,2023-11-03,Facebook Ads
3031,2023-12-04,Google Ads
3032,2023-11-10,Facebook Ads
3033,2023-03-16,Google Ads
3034,2023-10-06,Facebook Ads
3035,2023-06-25,Google Ads
3036,2024-10-23,Facebook Ads
3037,2023-09-30,Google Ads
3038,2024-09-11,Organic
3039,2024-10-12,Organic
3040,2023-10-16,Google Ads
3041,2024-12-24,Google Ads
3042,2023-09-29,Google Ads
3043,2023-03-07,Organic
3044,2024-04-27,Facebook Ads
3045,2023-09-05,Facebook Ads
3046,2023-06-05,Google Ads
3047,2023-02-16,Facebook Ads
3048,2024-03-29,Organic
3049,2023-07-20,Organic
3050,2024-10-21,Facebook Ads
3051,2023-05-04,Google Ads
3052,2023-01-01,Google Ads
3053,2024-10-01,Google Ads
3054,2023-07-10,Google Ads
3055,2024-08-01,Google Ads
3056,2024-05-30,Google Ads
3057,2024-03-17,Facebook Ads
3058,2023-05-23,Referral
3059,2023-07-10,Facebook Ads
3060,2024-06-16,Organic
3061,2023-08-15,Organic
3062,2023-11-09,Google Ads
3063,2024-09-20,Organic
3064,2023-10-29,Google Ads
3065,2024-10-15,Facebook Ads
3066,2024-04-04,Google Ads
3067,2024-02-05,Referral
3068,2024-07-04,Google Ads
3069,2024-01-28,Google Ads
3070,2023-07-26,Referral
3071,2023-07-29,Google Ads
3072,2023-04-25,Organic
3073,2024-10-07,Organic
3074,2023-09-08,Organic
3075,2023-08-07,Referral
3076,2024-02-11,Referral
3077,2024-03-18,Google Ads
3078,2024-08-25,Organic
3079,2023-12-20,Facebook Ads
3080,2024-07-11,Facebook Ads
3081,2024-07-03,Google Ads
3082,2023-05-22,Organic
3083,2024-09-03,Referral
3084,2024-05-15,Referral
3085,2024-12-02,Facebook Ads
3086,2024-06-30,Google Ads
3087,2024-10-20,Facebook Ads
3088,2024-06-25,Organic
3089,2024-05-21,Organic
3090,2024-08-18,Facebook Ads
3091,2023-10-08,Google Ads
3092,2024-02-28,Facebook Ads
3093,2023-09-27,Facebook Ads
3094,2023-06-03,Referral
3095,2024-09-05,Facebook Ads
3096,2024-12-27,Google Ads
3097,2024-10-23,Facebook Ads
3098,2023-03-24,Google Ads
3099,2024-09-13,Referral
3100,2024-03-01,Facebook Ads
3101,2023-10-02,Facebook Ads
3102,2024-12-13,Facebook Ads
3103,2023-10-11,Organic
3104,2023-06-22,Organic
3105,2023-11-23,Organic
3106,2024-12-18,Google Ads
3107,2023-03-04,Google Ads
3108,2023-03-14,Google Ads
3109,2024-09-27,Organic
3110,2024-01-10,Google Ads
3111,2024-09-24,Facebook Ads
3112,2024-05-22,Organic
3113,2024-02-02,Organic
3114,2023-04-30,Facebook Ads
3115,2024-03-12,Facebook Ads
3116,2024-11-06,Google Ads
3117,2024-04-09,Organic
3118,2023-10-13,Organic
3119,2023-09-22,Google Ads
3120,2023-11-16,Facebook Ads
3121,2024-11-03,Organic
3122,2024-01-11,Organic
3123,2023-03-30,Google Ads
3124,2024-10-15,Facebook Ads
3125,2023-07-22,Google Ads
3126,2023-11-30,Google Ads
3127,2023-08-10,Referral
3128,2023-02-10,Organic
3129,2024-12-08,Organic
3130,2023-03-09,Google Ads
3131,2024-05-28,Organic
3132,2024-09-28,Facebook Ads
3133,2024-09-13,Google Ads
3134,2024-08-20,Facebook Ads
3135,2024-09-23,Google Ads
3136,2023-05-07,Organic
3137,2023-09-12,Facebook Ads
3138,2024-11-25,Google Ads
3139,2023-01-16,Google Ads
3140,2024-04-21,Google Ads
3141,2023-03-03,Google Ads
3142,2024-03-07,Facebook Ads
3143,2024-10-31,Organic
3144,2023-09-25,Google Ads
3145,2023-02-04,Google Ads
3146,2024-07-29,Facebook Ads
3147,2024-05-08,Organic
3148,2024-07-15,Google Ads
3149,2024-04-13,Google Ads
3150,2024-10-22,Facebook Ads
3151,2023-11-21,Google Ads
3152,2023-10-31,Google Ads
3153,2023-10-03,Organic
3154,2024-11-14,Facebook Ads
3155,2023-07-20,Facebook Ads
3156,2024-03-20,Organic
3157,2023-11-20,Organic
3158,2023-02-04,Google Ads
3159,2024-04-26,Facebook Ads
3160,2024-12-28,Google Ads
3161,2024-04-24,Google Ads
3162,2023-03-06,Organic
3163,2023-01-08,Organic
3164,2023-10-28,Referral
3165,2023-12-09,Facebook Ads
3166,2024-03-06,Google Ads
3167,2024-02-28,Google Ads
3168,2023-11-28,Organic
3169,2024-03-13,Facebook Ads
3170,2024-08-10,Facebook Ads
3171,2023-06-23,Organic
3172,2024-07-12,Organic
3173,2024-06-10,Organic
3174,2024-10-20,Google Ads
3175,2023-01-26,Organic
3176,2024-08-27,Organic
3177,2024-02-10,Google Ads
3178,2023-08-20,Facebook Ads
3179,2024-06-16,Google Ads
3180,2024-07-03,Referral
3181,2024-05-19,Google Ads
3182,2024-10-30,Facebook Ads
3183,2023-06-28,Google Ads
3184,2023-05-12,Organic
3185,2024-03-30,Google Ads
3186,2023-12-14,Google Ads
3187,2024-06-23,Facebook Ads
3188,2024-02-10,Referral
3189,2023-03-17,Google Ads
3190,2024-08-01,Google Ads
3191,2024-05-06,Organic
3192,2023-07-13,Facebook Ads
3193,2023-06-11,Referral
3194,2023-12-13,Google Ads
3195,2023-12-27,Facebook Ads
3196,2024-08-06,Google Ads
3197,2023-03-28,Google Ads
3198,2023-09-19,Organic
3199,2023-08-02,Facebook Ads
3200,2024-10-26,Organic
3201,2024-12-22,Google Ads
3202,2024-07-26,Facebook Ads
3203,2023-09-19,Facebook Ads
3204,2024-12-30,Referral
3205,2023-10-10,Google Ads
3206,2024-10-09,Google Ads
3207,2024-04-11,Facebook Ads
3208,2024-01-15,Facebook Ads
3209,2023-12-28,Google Ads
3210,2024-03-24,Referral
3211,2024-03-16,Google Ads
3212,2023-04-03,Organic
3213,2024-09-12,Google Ads
3214,2024-02-28,Organic
3215,2023-05-22,Referral
3216,2023-10-18,Google Ads
3217,2024-03-07,Referral
3218,2024-11-19,Facebook Ads
3219,2024-10-14,Referral
3220,2024-12-01,Organic
3221,2023-02-18,Google Ads
3222,2023-10-29,Google Ads
3223,2023-07-09,Google Ads
3224,2023-05-16,Google Ads
3225,2024-07-08,Google Ads
3226,2024-02-08,Google Ads
3227,2024-08-24,Facebook Ads
3228,2023-12-07,Organic
3229,2024-12-04,Google Ads
3230,2023-11-14,Google Ads
3231,2024-09-09,Facebook Ads
3232,2023-12-29,Google Ads
3233,2024-01-17,Google Ads
3234,2023-08-21,Google Ads
3235,2023-12-10,Referral
3236,2024-07-02,Organic
3237,2024-07-06,Facebook Ads
3238,2024-06-12,Organic
3239,2024-07-24,Facebook Ads
3240,2023-07-02,Organic
3241,2023-02-10,Organic
3242,2024-07-04,Facebook Ads
3243,2024-02-01,Google Ads
3244,2024-12-04,Google Ads
3245,2024-05-08,Facebook Ads
3246,2024-10-20,Organic
3247,2023-11-29,Facebook Ads
3248,2023-05-07,Organic
3249,2024-07-11,Referral
3250,2024-07-10,Google Ads
3251,2023-01-01,Organic
3252,2023-06-17,Organic
3253,2024-09-11,Referral
3254,2023-01-19,Referral
3255,2023-11-28,Organic
3256,2024-08-06,Google Ads
3257,2024-03-31,Organic
3258,2023-04-19,Google Ads
3259,2023-09-25,Organic
3260,2024-03-20,Referral
3261,2023-08-28,Facebook Ads
3262,2023-10-28,Facebook Ads
3263,2024-08-24,Facebook Ads
3264,2023-04-13,Facebook Ads
3265,2023-09-07,Google Ads
3266,2024-03-28,Organic
3267,2024-06-03,Referral
3268,2023-06-02,Referral
3269,2023-06-23,Google Ads
3270,2023-12-09,Organic
3271,2024-10-31,Organic
3272,2024-03-06,Google Ads
3273,2024-12-27,Google Ads
3274,2024-11-19,Google Ads
3275,2024-11-17,Referral
3276,2024-10-19,Facebook Ads
3277,2023-11-20,Organic
3278,2024-11-03,Google Ads
3279,2024-09-30,Organic
3280,2024-02-24,Google Ads
3281,2024-08-16,Facebook Ads
3282,2024-04-29,Facebook Ads
3283,2024-10-20,Google Ads
3284,2024-02-16,Organic
3285,2023-03-25,Google Ads
3286,2023-04-23,Organic
3287,2023-11-28,Facebook Ads
3288,2024-01-13,Facebook Ads
3289,2024-10-16,Google Ads
3290,2023-02-10,Google Ads
3291,2023-04-15,Referral
3292,2023-07-21,Google Ads
3293,2024-03-25,Organic
3294,2023-09-23,Referral
3295,2023-07-29,Google Ads
3296,2024-07-16,Google Ads
3297,2023-04-28,Organic
3298,2024-12-13,Referral
3299,2024-01-12,Referral
3300,2024-07-04,Facebook Ads
3301,2024-06-23,Organic
3302,2023-03-25,Google Ads
3303,2024-03-29,Referral
3304,2024-10-28,Referral
3305,2024-09-20,Google Ads
3306,2024-05-28,Google Ads
3307,2024-08-27,Google Ads
3308,2024-11-08,Google Ads
3309,2024-01-22,Organic
3310,2023-12-16,Facebook Ads
3311,2023-10-23,Google Ads
3312,2023-09-15,Google Ads
3313,2023-03-22,Referral
3314,2023-09-25,Facebook Ads
3315,2024-02-23,Facebook Ads
3316,2023-08-23,Google Ads
3317,2023-11-07,Referral
3318,2023-12-23,Organic
3319,2023-08-01,Google Ads
3320,2024-07-27,Google Ads
3321,2023-02-18,Google Ads
3322,2023-05-07,Google Ads
3323,2023-08-11,Facebook Ads
3324,2023-10-06,Referral
3325,2024-02-12,Facebook Ads
3326,2024-05-19,Organic
3327,2023-10-21,Facebook Ads
3328,2023-10-04,Organic
3329,2024-03-13,Organic
3330,2023-04-17,Google Ads
3331,2024-10-19,Facebook Ads
3332,2024-02-24,Facebook Ads
3333,2024-09-02,Google Ads
3334,2024-03-04,Facebook Ads
3335,2024-01-10,Facebook Ads
3336,2023-03-14,Referral
3337,2024-09-25,Facebook Ads
3338,2023-01-30,Organic
3339,2023-07-07,Facebook Ads
3340,2023-12-30,Organic
3341,2024-03-26,Facebook Ads
3342,2023-07-14,Organic
3343,2023-06-05,Facebook Ads
3344,2023-06-21,Facebook Ads
3345,2023-02-10,Facebook Ads
3346,2023-03-04,Facebook Ads
3347,2023-01-23,Google Ads
3348,2023-12-26,Google Ads
3349,2023-03-16,Google Ads
3350,2024-07-13,Organic
3351,2024-11-02,Google Ads
3352,2023-04-28,Google Ads
3353,2024-09-03,Organic
3354,2024-01-15,Google Ads
3355,2024-11-09,Facebook Ads
3356,2023-10-17,Google Ads
3357,2024-03-15,Referral
3358,2024-10-29,Organic
3359,2023-01-07,Organic
3360,2023-07-15,Facebook Ads
3361,2024-02-25,Organic
3362,2024-07-21,Google Ads
3363,2023-07-12,Google Ads
3364,2024-07-12,Google Ads
3365,2023-05-28,Facebook Ads
3366,2024-10-30,Facebook Ads
3367,2023-07-21,Facebook Ads
3368,2024-03-19,Google Ads
3369,2024-02-23,Facebook Ads
3370,2024-03-02,Organic
3371,2024-04-23,Facebook Ads
3372,2024-04-19,Organic
3373,2023-05-06,Google Ads
3374,2024-01-30,Organic
3375,2024-07-29,Facebook Ads
3376,2023-11-21,Google Ads
3377,2024-01-27,Google Ads
3378,2024-11-18,Facebook Ads
3379,2024-09-19,Organic
3380,2024-03-15,Facebook Ads
3381,2023-07-23,Google Ads
3382,2024-04-30,Organic
3383,2023-01-31,Organic
3384,2024-01-23,Facebook Ads
3385,2024-09-16,Facebook Ads
3386,2024-03-09,Google Ads
3387,2024-01-11,Facebook Ads
3388,2023-12-10,Facebook Ads
3389,2024-03-18,Referral
3390,2024-08-01,Facebook Ads
3391,2023-03-16,Facebook Ads
3392,2024-07-10,Facebook Ads
3393,2024-10-27,Referral
3394,2023-06-04,Organic
3395,2024-03-05,Facebook Ads
3396,2023-12-29,Organic
3397,2024-03-23,Facebook Ads
3398,2023-08-22,Facebook Ads
3399,2024-07-16,Google Ads
3400,2023-09-19,Facebook Ads
3401,2023-05-05,Google Ads
3402,2023-09-02,Referral
3403,2024-06-25,Google Ads
3404,2024-04-29,Referral
3405,2023-05-02,Facebook Ads
3406,2023-05-05,Facebook Ads
3407,2024-07-02,Facebook Ads
3408,2023-06-19,Google Ads
3409,2023-05-04,Facebook Ads
3410,2023-02-04,Google Ads
3411,2023-03-28,Facebook Ads
3412,2024-10-07,Facebook Ads
3413,2024-12-08,Organic
3414,2023-07-20,Google Ads
3415,2024-01-04,Google Ads
3416,2023-03-18,Facebook Ads
3417,2023-02-28,Referral
3418,2024-03-06,Organic
3419,2024-09-29,Facebook Ads
3420,2024-05-14,Facebook Ads
3421,2023-04-19,Google Ads
3422,2023-10-05,Referral
3423,2023-03-09,Organic
3424,2023-03-10,Google Ads
3425,2023-06-14,Facebook Ads
3426,2024-05-03,Google Ads
3427,2023-11-01,Referral
3428,2024-11-04,Google Ads
3429,2023-12-31,Facebook Ads
3430,2024-01-14,Google Ads
3431,2023-12-09,Organic
3432,2024-07-07,Organic
3433,2023-12-20,Organic
3434,2024-02-20,Facebook Ads
3435,2023-04-19,Organic
3436,2024-07-16,Google Ads
3437,2024-05-11,Google Ads
3438,2023-12-07,Google Ads
3439,2024-01-18,Referral
3440,2024-06-16,Facebook Ads
3441,2023-10-27,Organic
3442,2023-05-19,Organic
3443,2023-12-25,Google Ads
3444,2024-05-13,Google Ads
3445,2024-01-20,Google Ads
3446,2024-08-26,Facebook Ads
3447,2023-10-07,Google Ads
3448,2024-09-28,Google Ads
3449,2024-04-27,Organic
3450,2023-04-21,Referral
3451,2023-05-19,Google Ads
3452,2024-03-10,Google Ads
3453,2024-05-23,Google Ads
3454,2023-09-30,Organic
3455,2023-04-09,Organic
3456,2023-04-14,Google Ads
3457,2023-08-02,Google Ads
3458,2024-10-25,Organic
3459,2023-06-14,Facebook Ads
3460,2024-06-03,Google Ads
3461,2023-10-11,Facebook Ads
3462,2024-05-31,Google Ads
3463,2024-10-18,Facebook Ads
3464,2024-09-04,Organic
3465,2023-06-13,Organic
3466,2024-10-20,Facebook Ads
3467,2023-03-05,Referral
3468,2023-04-01,Facebook Ads
3469,2023-04-27,Organic
3470,2023-09-24,Facebook Ads
3471,2024-11-15,Organic
3472,2024-07-12,Referral
3473,2023-05-20,Google Ads
3474,2023-09-03,Referral
3475,2024-10-22,Organic
3476,2024-01-30,Organic
3477,2024-05-01,Google Ads
3478,2024-04-20,Organic
3479,2024-05-31,Organic
3480,2023-07-03,Google Ads
3481,2023-01-20,Referral
3482,2024-07-11,Google Ads
3483,2024-06-07,Google Ads
3484,2024-08-04,Facebook Ads
3485,2024-06-12,Facebook Ads
3486,2023-05-27,Facebook Ads
3487,2024-10-27,Google Ads
3488,2023-10-31,Referral
3489,2024-09-11,Google Ads
3490,2024-08-04,Google Ads
3491,2024-11-25,Google Ads
3492,2023-08-16,Facebook Ads
3493,2023-04-12,Referral
3494,2024-08-09,Organic
3495,2024-02-21,Organic
3496,2023-08-04,Google Ads
3497,2024-02-11,Facebook Ads
3498,2024-02-03,Facebook Ads
3499,2024-12-15,Facebook Ads
3500,2024-12-04,Google Ads
